typeCode,freqCode,refYear,refMonth,period,reporterDesc,flowDesc,partnerDesc,cmdCode,qtyUnitAbbr,qty,netWgt,primaryValue
C,M,2022,1,202201,India,Export,World,121190,kg,8782444.878,8782444.878,34793507.94
C,M,2022,1,202201,India,Export,Afghanistan,121190,kg,20000,20000,147502.585
C,M,2022,1,202201,India,Export,Algeria,121190,kg,1500,1500,6598.48
C,M,2022,1,202201,India,Export,Angola,121190,kg,10,10,41.734
C,M,2022,1,202201,India,Export,Argentina,121190,kg,23000,23000,29658.506
C,M,2022,1,202201,India,Export,Australia,121190,kg,55658,55658,347165.395
C,M,2022,1,202201,India,Export,Austria,121190,kg,80000,80000,388365.875
C,M,2022,1,202201,India,Export,Bahrain,121190,kg,1150,1150,5694.78
C,M,2022,1,202201,India,Export,Bangladesh,121190,kg,893773.086,893773.086,1342334.069
C,M,2022,1,202201,India,Export,Belgium,121190,kg,320880,320880,1545349.672
C,M,2022,1,202201,India,Export,Botswana,121190,kg,503,503,6363.982
C,M,2022,1,202201,India,Export,Brazil,121190,kg,6000,6000,29781.893
C,M,2022,1,202201,India,Export,Brunei Darussalam,121190,kg,14,14,129.513
C,M,2022,1,202201,India,Export,Myanmar,121190,kg,768,768,1415.639
C,M,2022,1,202201,India,Export,Canada,121190,kg,106420,106420,808481.664
C,M,2022,1,202201,India,Export,Sri Lanka,121190,kg,42051,42051,52099.216
C,M,2022,1,202201,India,Export,Chile,121190,kg,27500,27500,50588.988
C,M,2022,1,202201,India,Export,China,121190,kg,1022796,1022796,1425978.723
C,M,2022,1,202201,India,Export,Colombia,121190,kg,51000,51000,315309.581
C,M,2022,1,202201,India,Export,Congo,121190,kg,10,10,63.373
C,M,2022,1,202201,India,Export,Czechia,121190,kg,623,623,4774.477
C,M,2022,1,202201,India,Export,Estonia,121190,kg,500,500,44423.452
C,M,2022,1,202201,India,Export,Fiji,121190,kg,675,675,2819.122
C,M,2022,1,202201,India,Export,France,121190,kg,96447,96447,614858.303
C,M,2022,1,202201,India,Export,Germany,121190,kg,835050,835050,5095234.507
C,M,2022,1,202201,India,Export,Ghana,121190,kg,432,432,8047.726
C,M,2022,1,202201,India,Export,Greece,121190,kg,19444,19444,19393.739
C,M,2022,1,202201,India,Export,Guyana,121190,kg,1000,1000,1482.907
C,M,2022,1,202201,India,Export,"China, Hong Kong SAR",121190,kg,540,540,19020.205
C,M,2022,1,202201,India,Export,Hungary,121190,kg,3040,3040,17065.924
C,M,2022,1,202201,India,Export,Indonesia,121190,kg,171290,171290,419202.15
C,M,2022,1,202201,India,Export,Iran,121190,kg,129000,129000,296424.436
C,M,2022,1,202201,India,Export,Iraq,121190,kg,6325,6325,15581.768
C,M,2022,1,202201,India,Export,Ireland,121190,kg,46694,46694,337644.929
C,M,2022,1,202201,India,Export,Israel,121190,kg,1778,1778,12127.857
C,M,2022,1,202201,India,Export,Italy,121190,kg,144270,144270,729143.324
C,M,2022,1,202201,India,Export,Jamaica,121190,kg,2300,2300,3771.124
C,M,2022,1,202201,India,Export,Japan,121190,kg,291331,291331,651069.136
C,M,2022,1,202201,India,Export,Jordan,121190,kg,18000,18000,44623.779
C,M,2022,1,202201,India,Export,Kenya,121190,kg,4226,4226,13400.806
C,M,2022,1,202201,India,Export,Rep. of Korea,121190,kg,206337,206337,1417491.175
C,M,2022,1,202201,India,Export,Kuwait,121190,kg,3783,3783,43578.491
C,M,2022,1,202201,India,Export,Lao People's Dem. Rep.,121190,kg,5,5,116.551
C,M,2022,1,202201,India,Export,Latvia,121190,kg,14,14,275.533
C,M,2022,1,202201,India,Export,Liberia,121190,kg,20,20,227.016
C,M,2022,1,202201,India,Export,Libya,121190,kg,12000,12000,23919.145
C,M,2022,1,202201,India,Export,Lithuania,121190,kg,2900,2900,5160.517
C,M,2022,1,202201,India,Export,Malaysia,121190,kg,69668,69668,361095.319
C,M,2022,1,202201,India,Export,Maldives,121190,kg,970,970,8159.213
C,M,2022,1,202201,India,Export,Mali,121190,kg,52,52,501.542
C,M,2022,1,202201,India,Export,Mauritius,121190,kg,1331,1331,8067.982
C,M,2022,1,202201,India,Export,Mexico,121190,kg,123520,123520,372825.236
C,M,2022,1,202201,India,Export,"Other Asia, nes",121190,kg,67484,67484,297953.025
C,M,2022,1,202201,India,Export,Morocco,121190,kg,68400,68400,157170.159
C,M,2022,1,202201,India,Export,Oman,121190,kg,11145,11145,18075.067
C,M,2022,1,202201,India,Export,Nepal,121190,kg,43213.792,43213.792,30610.078
C,M,2022,1,202201,India,Export,Netherlands,121190,kg,16591,16591,124815.529
C,M,2022,1,202201,India,Export,Curaçao,121190,kg,2,2,28.704
C,M,2022,1,202201,India,Export,New Zealand,121190,kg,24009,24009,97673.6
C,M,2022,1,202201,India,Export,Nigeria,121190,kg,60,60,922.881
C,M,2022,1,202201,India,Export,Norway,121190,kg,346,346,10853.524
C,M,2022,1,202201,India,Export,Pakistan,121190,kg,19400,19400,172808.113
C,M,2022,1,202201,India,Export,Philippines,121190,kg,14690,14690,47676.54
C,M,2022,1,202201,India,Export,Poland,121190,kg,40500,40500,37569.668
C,M,2022,1,202201,India,Export,Portugal,121190,kg,6000,6000,10889.952
C,M,2022,1,202201,India,Export,Qatar,121190,kg,41185,41185,32550.497
C,M,2022,1,202201,India,Export,Romania,121190,kg,45,45,878.636
C,M,2022,1,202201,India,Export,Russian Federation,121190,kg,80059,80059,337419.229
C,M,2022,1,202201,India,Export,Saudi Arabia,121190,kg,105373,105373,127827.859
C,M,2022,1,202201,India,Export,Serbia,121190,kg,15100,15100,13093.828
C,M,2022,1,202201,India,Export,Singapore,121190,kg,25617,25617,105569.691
C,M,2022,1,202201,India,Export,Slovakia,121190,kg,31,31,1391.837
C,M,2022,1,202201,India,Export,Viet Nam,121190,kg,87720,87720,278040.215
C,M,2022,1,202201,India,Export,Slovenia,121190,kg,6500,6500,26094.411
C,M,2022,1,202201,India,Export,South Africa,121190,kg,4997,4997,15071.32
C,M,2022,1,202201,India,Export,Spain,121190,kg,103870,103870,503194.279
C,M,2022,1,202201,India,Export,Sweden,121190,kg,95160,95160,303624.581
C,M,2022,1,202201,India,Export,Switzerland,121190,kg,29226,29226,62918.609
C,M,2022,1,202201,India,Export,Thailand,121190,kg,106137,106137,582281.573
C,M,2022,1,202201,India,Export,Togo,121190,kg,5,5,24.836
C,M,2022,1,202201,India,Export,United Arab Emirates,121190,kg,525908,525908,775487.853
C,M,2022,1,202201,India,Export,Tunisia,121190,kg,400,400,4550.671
C,M,2022,1,202201,India,Export,Türkiye,121190,kg,105500,105500,232760.585
C,M,2022,1,202201,India,Export,Ukraine,121190,kg,34021,34021,50413.323
C,M,2022,1,202201,India,Export,Egypt,121190,kg,113031,113031,213023.575
C,M,2022,1,202201,India,Export,United Kingdom,121190,kg,107706,107706,863773.308
C,M,2022,1,202201,India,Export,United Rep. of Tanzania,121190,kg,10100,10100,14573.069
C,M,2022,1,202201,India,Export,USA,121190,kg,2025015,2025015,12144847.62
C,M,2022,1,202201,India,Export,Uruguay,121190,kg,300,300,1509.879
C,M,2022,1,202201,India,Export,Uzbekistan,121190,kg,1000,1000,1088.755
C,M,2022,2,202202,India,Export,World,121190,kg,10140343.61,10140343.61,38901724.61
C,M,2022,2,202202,India,Export,Afghanistan,121190,kg,3000,3000,7101.95
C,M,2022,2,202202,India,Export,Algeria,121190,kg,2000,2000,14310.188
C,M,2022,2,202202,India,Export,Angola,121190,kg,25,25,65.345
C,M,2022,2,202202,India,Export,Argentina,121190,kg,4400,4400,15897.027
C,M,2022,2,202202,India,Export,Australia,121190,kg,112351,112351,806067.114
C,M,2022,2,202202,India,Export,Austria,121190,kg,44000,44000,319183.172
C,M,2022,2,202202,India,Export,Bahrain,121190,kg,2766,2766,9592.841
C,M,2022,2,202202,India,Export,Bangladesh,121190,kg,1631950,1631950,1836267.377
C,M,2022,2,202202,India,Export,Belgium,121190,kg,128109,128109,517266.708
C,M,2022,2,202202,India,Export,Bhutan,121190,kg,220,220,2132.418
C,M,2022,2,202202,India,Export,Brazil,121190,kg,37350,37350,192067.906
C,M,2022,2,202202,India,Export,Brunei Darussalam,121190,kg,90,90,600.955
C,M,2022,2,202202,India,Export,Myanmar,121190,kg,58250,58250,32819.293
C,M,2022,2,202202,India,Export,Canada,121190,kg,24582,24582,154585.656
C,M,2022,2,202202,India,Export,Sri Lanka,121190,kg,35227,35227,37795.449
C,M,2022,2,202202,India,Export,Chile,121190,kg,20424,20424,68384.034
C,M,2022,2,202202,India,Export,China,121190,kg,1442210,1442210,1855748.744
C,M,2022,2,202202,India,Export,Colombia,121190,kg,30000,30000,187805.217
C,M,2022,2,202202,India,Export,Dem. Rep. of the Congo,121190,kg,2003,2003,2904.593
C,M,2022,2,202202,India,Export,Czechia,121190,kg,242,242,2267.959
C,M,2022,2,202202,India,Export,Denmark,121190,kg,15019,15019,99766.024
C,M,2022,2,202202,India,Export,Dominican Rep.,121190,kg,17000,17000,13797.288
C,M,2022,2,202202,India,Export,El Salvador,121190,kg,200,200,3465.312
C,M,2022,2,202202,India,Export,Equatorial Guinea,121190,kg,10,10,37.424
C,M,2022,2,202202,India,Export,Estonia,121190,kg,16000,16000,113577.852
C,M,2022,2,202202,India,Export,Finland,121190,kg,100,100,1131.967
C,M,2022,2,202202,India,Export,France,121190,kg,83821,83821,488559.622
C,M,2022,2,202202,India,Export,Georgia,121190,kg,500,500,3700.917
C,M,2022,2,202202,India,Export,Germany,121190,kg,777965,777965,4275569.217
C,M,2022,2,202202,India,Export,Ghana,121190,kg,42,42,433.494
C,M,2022,2,202202,India,Export,Greece,121190,kg,55,55,1003.476
C,M,2022,2,202202,India,Export,Guatemala,121190,kg,27000,27000,160345.182
C,M,2022,2,202202,India,Export,Guinea,121190,kg,2,2,1085.6
C,M,2022,2,202202,India,Export,Guyana,121190,kg,2000,2000,2763.347
C,M,2022,2,202202,India,Export,"China, Hong Kong SAR",121190,kg,3022,3022,8458.154
C,M,2022,2,202202,India,Export,Hungary,121190,kg,1027,1027,3985.035
C,M,2022,2,202202,India,Export,Indonesia,121190,kg,105500,105500,296533.192
C,M,2022,2,202202,India,Export,Iraq,121190,kg,27900,27900,59133.659
C,M,2022,2,202202,India,Export,Ireland,121190,kg,64814,64814,536140.35
C,M,2022,2,202202,India,Export,Israel,121190,kg,20810,20810,60792.227
C,M,2022,2,202202,India,Export,Italy,121190,kg,417872,417872,2765283.865
C,M,2022,2,202202,India,Export,Japan,121190,kg,130937,130937,248350.936
C,M,2022,2,202202,India,Export,Jordan,121190,kg,13030,13030,22872.711
C,M,2022,2,202202,India,Export,Kenya,121190,kg,3779,3779,18764.075
C,M,2022,2,202202,India,Export,Rep. of Korea,121190,kg,184000,184000,1345148.827
C,M,2022,2,202202,India,Export,Kuwait,121190,kg,11930,11930,214414.137
C,M,2022,2,202202,India,Export,Lebanon,121190,kg,4320,4320,6424.188
C,M,2022,2,202202,India,Export,Latvia,121190,kg,159,159,2108.468
C,M,2022,2,202202,India,Export,Libya,121190,kg,10000,10000,21219.714
C,M,2022,2,202202,India,Export,Madagascar,121190,kg,88,88,172.712
C,M,2022,2,202202,India,Export,Malaysia,121190,kg,49074,49074,215270.036
C,M,2022,2,202202,India,Export,Maldives,121190,kg,29,29,312.639
C,M,2022,2,202202,India,Export,Mauritius,121190,kg,2075,2075,9717.32
C,M,2022,2,202202,India,Export,Mexico,121190,kg,430680,430680,1019668.319
C,M,2022,2,202202,India,Export,"Other Asia, nes",121190,kg,108102,108102,196625.002
C,M,2022,2,202202,India,Export,Morocco,121190,kg,46332,46332,87876.196
C,M,2022,2,202202,India,Export,Mozambique,121190,kg,20,20,85.47
C,M,2022,2,202202,India,Export,Oman,121190,kg,1161,1161,3743.526
C,M,2022,2,202202,India,Export,Nepal,121190,kg,21088.985,21088.985,17887.465
C,M,2022,2,202202,India,Export,Netherlands,121190,kg,17649,17649,91189.787
C,M,2022,2,202202,India,Export,New Caledonia,121190,kg,8,8,197.222
C,M,2022,2,202202,India,Export,New Zealand,121190,kg,10586,10586,62333.952
C,M,2022,2,202202,India,Export,Nigeria,121190,kg,95,95,677.203
C,M,2022,2,202202,India,Export,Pakistan,121190,kg,57641,57641,354407.858
C,M,2022,2,202202,India,Export,Panama,121190,kg,800,800,8111.45
C,M,2022,2,202202,India,Export,Paraguay,121190,kg,11750,11750,8265.371
C,M,2022,2,202202,India,Export,Philippines,121190,kg,66236,66236,253771.369
C,M,2022,2,202202,India,Export,Poland,121190,kg,86357,86357,199367.105
C,M,2022,2,202202,India,Export,Qatar,121190,kg,10980,10980,45466.995
C,M,2022,2,202202,India,Export,Romania,121190,kg,2416,2416,37703.356
C,M,2022,2,202202,India,Export,Russian Federation,121190,kg,21025,21025,50603.309
C,M,2022,2,202202,India,Export,Saudi Arabia,121190,kg,62211,62211,240762.542
C,M,2022,2,202202,India,Export,Seychelles,121190,kg,10,10,129.171
C,M,2022,2,202202,India,Export,Singapore,121190,kg,7697,7697,62426.299
C,M,2022,2,202202,India,Export,Slovakia,121190,kg,2025,2025,10922.589
C,M,2022,2,202202,India,Export,Viet Nam,121190,kg,20822,20822,74565.566
C,M,2022,2,202202,India,Export,Slovenia,121190,kg,5495,5495,34474.289
C,M,2022,2,202202,India,Export,Somalia,121190,kg,1000,1000,2072.51
C,M,2022,2,202202,India,Export,South Africa,121190,kg,10163,10163,31953.705
C,M,2022,2,202202,India,Export,Spain,121190,kg,95834,95834,699443.808
C,M,2022,2,202202,India,Export,Sweden,121190,kg,35001,35001,234085.995
C,M,2022,2,202202,India,Export,Switzerland,121190,kg,119,119,713.707
C,M,2022,2,202202,India,Export,Thailand,121190,kg,72221.021,72221.021,402884.174
C,M,2022,2,202202,India,Export,Trinidad and Tobago,121190,kg,760,760,2464.288
C,M,2022,2,202202,India,Export,United Arab Emirates,121190,kg,484840,484840,872027.401
C,M,2022,2,202202,India,Export,Tunisia,121190,kg,100,100,289.569
C,M,2022,2,202202,India,Export,Türkiye,121190,kg,40750,40750,102067.129
C,M,2022,2,202202,India,Export,Uganda,121190,kg,25,25,74.755
C,M,2022,2,202202,India,Export,Ukraine,121190,kg,78640,78640,67360.22
C,M,2022,2,202202,India,Export,Egypt,121190,kg,1100,1100,6730.723
C,M,2022,2,202202,India,Export,United Kingdom,121190,kg,167712.599,167712.599,958318.838
C,M,2022,2,202202,India,Export,United Rep. of Tanzania,121190,kg,8325,8325,12406.192
C,M,2022,2,202202,India,Export,USA,121190,kg,2580487,2580487,15574030.43
C,M,2022,2,202202,India,Export,Uruguay,121190,kg,800,800,6356.31
C,M,2022,2,202202,India,Export,Yemen,121190,kg,2000,2000,3980.531
C,M,2022,3,202203,India,Export,World,121190,kg,10836089.41,10836089.41,39290534.12
C,M,2022,3,202203,India,Export,Afghanistan,121190,kg,63624,63624,436509.356
C,M,2022,3,202203,India,Export,Algeria,121190,kg,2000,2000,13270.793
C,M,2022,3,202203,India,Export,Angola,121190,kg,15,15,138.266
C,M,2022,3,202203,India,Export,Argentina,121190,kg,1400,1400,12286.919
C,M,2022,3,202203,India,Export,Australia,121190,kg,116822,116822,765715.748
C,M,2022,3,202203,India,Export,Austria,121190,kg,96100,96100,683330.882
C,M,2022,3,202203,India,Export,Bahrain,121190,kg,15367,15367,39370.197
C,M,2022,3,202203,India,Export,Bangladesh,121190,kg,1999317,1999317,2475032.479
C,M,2022,3,202203,India,Export,Belgium,121190,kg,50343,50343,260799.688
C,M,2022,3,202203,India,Export,Bhutan,121190,kg,1,1,6.243
C,M,2022,3,202203,India,Export,Brazil,121190,kg,16275,16275,72317.57
C,M,2022,3,202203,India,Export,Brunei Darussalam,121190,kg,570,570,2543.58
C,M,2022,3,202203,India,Export,Bulgaria,121190,kg,355,355,1279.2
C,M,2022,3,202203,India,Export,Myanmar,121190,kg,12500,12500,6573.956
C,M,2022,3,202203,India,Export,Cambodia,121190,kg,42,42,857.203
C,M,2022,3,202203,India,Export,Cameroon,121190,kg,100,100,591.78
C,M,2022,3,202203,India,Export,Canada,121190,kg,159726,159726,1054222.916
C,M,2022,3,202203,India,Export,Sri Lanka,121190,kg,172734,172734,508119.413
C,M,2022,3,202203,India,Export,Chile,121190,kg,4500,4500,28170.871
C,M,2022,3,202203,India,Export,China,121190,kg,1608900,1608900,2821539.41
C,M,2022,3,202203,India,Export,Colombia,121190,kg,5000,5000,29982.162
C,M,2022,3,202203,India,Export,Dem. Rep. of the Congo,121190,kg,10,10,140.968
C,M,2022,3,202203,India,Export,Croatia,121190,kg,10855,10855,15979.185
C,M,2022,3,202203,India,Export,Czechia,121190,kg,68,68,1512.384
C,M,2022,3,202203,India,Export,Denmark,121190,kg,20250,20250,169419.182
C,M,2022,3,202203,India,Export,Fiji,121190,kg,1115,1115,4430.024
C,M,2022,3,202203,India,Export,Finland,121190,kg,51000,51000,357426.433
C,M,2022,3,202203,India,Export,France,121190,kg,252163,252163,1143277.692
C,M,2022,3,202203,India,Export,Djibouti,121190,kg,26000,26000,63896.411
C,M,2022,3,202203,India,Export,Germany,121190,kg,738494,738494,4715511.085
C,M,2022,3,202203,India,Export,Ghana,121190,kg,118,118,1450.951
C,M,2022,3,202203,India,Export,Greece,121190,kg,5900,5900,34208.343
C,M,2022,3,202203,India,Export,Guatemala,121190,kg,2400,2400,22680.967
C,M,2022,3,202203,India,Export,"China, Hong Kong SAR",121190,kg,3597.409,3597.409,9450.557
C,M,2022,3,202203,India,Export,Hungary,121190,kg,20186,20186,121247.446
C,M,2022,3,202203,India,Export,Indonesia,121190,kg,107025,107025,289474.228
C,M,2022,3,202203,India,Export,Iran,121190,kg,151315,151315,187284.432
C,M,2022,3,202203,India,Export,Iraq,121190,kg,37850,37850,46200.368
C,M,2022,3,202203,India,Export,Ireland,121190,kg,33960,33960,311679.921
C,M,2022,3,202203,India,Export,Israel,121190,kg,5800,5800,51690.81
C,M,2022,3,202203,India,Export,Italy,121190,kg,275417,275417,1726826.833
C,M,2022,3,202203,India,Export,Japan,121190,kg,27105,27105,146964.33
C,M,2022,3,202203,India,Export,Jordan,121190,kg,154,154,1958.567
C,M,2022,3,202203,India,Export,Kenya,121190,kg,520,520,1304.763
C,M,2022,3,202203,India,Export,Rep. of Korea,121190,kg,87278,87278,531193.772
C,M,2022,3,202203,India,Export,Kuwait,121190,kg,12941,12941,102271.599
C,M,2022,3,202203,India,Export,Lebanon,121190,kg,10700,10700,13249.349
C,M,2022,3,202203,India,Export,Latvia,121190,kg,18015,18015,44699.643
C,M,2022,3,202203,India,Export,Libya,121190,kg,21000,21000,47263.684
C,M,2022,3,202203,India,Export,Lithuania,121190,kg,18,18,337.31
C,M,2022,3,202203,India,Export,Madagascar,121190,kg,44,44,317.846
C,M,2022,3,202203,India,Export,Malaysia,121190,kg,115575,115575,594913.83
C,M,2022,3,202203,India,Export,Maldives,121190,kg,135,135,646.499
C,M,2022,3,202203,India,Export,Mauritius,121190,kg,810,810,1081.626
C,M,2022,3,202203,India,Export,Mexico,121190,kg,603164,603164,840339.674
C,M,2022,3,202203,India,Export,"Other Asia, nes",121190,kg,116251,116251,238717.833
C,M,2022,3,202203,India,Export,Montserrat,121190,kg,4,4,137.623
C,M,2022,3,202203,India,Export,Morocco,121190,kg,44063,44063,60399.963
C,M,2022,3,202203,India,Export,Mozambique,121190,kg,25,25,117.7
C,M,2022,3,202203,India,Export,Oman,121190,kg,2949,2949,28334.043
C,M,2022,3,202203,India,Export,Nepal,121190,kg,42274,42274,66447.179
C,M,2022,3,202203,India,Export,Netherlands,121190,kg,10626,10626,78723.33
C,M,2022,3,202203,India,Export,New Zealand,121190,kg,3697,3697,25411.879
C,M,2022,3,202203,India,Export,Nigeria,121190,kg,11322,11322,26664.192
C,M,2022,3,202203,India,Export,Norway,121190,kg,25,25,1179.626
C,M,2022,3,202203,India,Export,Pakistan,121190,kg,58468,58468,467749.065
C,M,2022,3,202203,India,Export,Panama,121190,kg,20,20,114.028
C,M,2022,3,202203,India,Export,Papua New Guinea,121190,kg,3,3,19.175
C,M,2022,3,202203,India,Export,Philippines,121190,kg,96063,96063,146993.932
C,M,2022,3,202203,India,Export,Poland,121190,kg,56421,56421,152994.745
C,M,2022,3,202203,India,Export,Portugal,121190,kg,120,120,1518.588
C,M,2022,3,202203,India,Export,Qatar,121190,kg,13362,13362,53413.872
C,M,2022,3,202203,India,Export,Romania,121190,kg,205,205,3536.229
C,M,2022,3,202203,India,Export,Russian Federation,121190,kg,50,50,578.074
C,M,2022,3,202203,India,Export,Saint Lucia,121190,kg,10,10,162.517
C,M,2022,3,202203,India,Export,Saudi Arabia,121190,kg,15742,15742,110850.644
C,M,2022,3,202203,India,Export,Serbia,121190,kg,250,250,2211.805
C,M,2022,3,202203,India,Export,Seychelles,121190,kg,172,172,911.187
C,M,2022,3,202203,India,Export,Singapore,121190,kg,12196,12196,64383.699
C,M,2022,3,202203,India,Export,Viet Nam,121190,kg,140200,140200,142028.315
C,M,2022,3,202203,India,Export,South Africa,121190,kg,30106,30106,102577.85
C,M,2022,3,202203,India,Export,Spain,121190,kg,40000,40000,143072.705
C,M,2022,3,202203,India,Export,Sudan,121190,kg,28950,28950,79638.557
C,M,2022,3,202203,India,Export,Sweden,121190,kg,84065,84065,395033.08
C,M,2022,3,202203,India,Export,Switzerland,121190,kg,80,80,542.636
C,M,2022,3,202203,India,Export,Thailand,121190,kg,113517,113517,482652.107
C,M,2022,3,202203,India,Export,United Arab Emirates,121190,kg,316404,316404,991869.435
C,M,2022,3,202203,India,Export,Türkiye,121190,kg,109170,109170,69510.613
C,M,2022,3,202203,India,Export,Uganda,121190,kg,25,25,20.46
C,M,2022,3,202203,India,Export,Egypt,121190,kg,113460,113460,135133.208
C,M,2022,3,202203,India,Export,United Kingdom,121190,kg,135776,135776,988087.195
C,M,2022,3,202203,India,Export,United Rep. of Tanzania,121190,kg,5330,5330,10970.85
C,M,2022,3,202203,India,Export,USA,121190,kg,2259802,2259802,13382049.64
C,M,2022,3,202203,India,Export,Yemen,121190,kg,8200,8200,22627.52
C,M,2022,3,202203,India,Export,Zambia,121190,kg,13,13,159.684
C,M,2022,4,202204,India,Export,World,121190,kg,9830283.574,9830283.574,33736186.76
C,M,2022,4,202204,India,Export,Afghanistan,121190,kg,20000,20000,160404.622
C,M,2022,4,202204,India,Export,Algeria,121190,kg,10800,10800,51392.321
C,M,2022,4,202204,India,Export,Angola,121190,kg,5,5,79.954
C,M,2022,4,202204,India,Export,Argentina,121190,kg,12900,12900,33809.047
C,M,2022,4,202204,India,Export,Australia,121190,kg,96063,96063,714655.412
C,M,2022,4,202204,India,Export,Austria,121190,kg,49248,49248,286968.524
C,M,2022,4,202204,India,Export,Bahrain,121190,kg,1274,1274,5739.391
C,M,2022,4,202204,India,Export,Bangladesh,121190,kg,1137225,1137225,1892751.777
C,M,2022,4,202204,India,Export,Belgium,121190,kg,21195,21195,80663.366
C,M,2022,4,202204,India,Export,Bhutan,121190,kg,170.295,170.295,272.244
C,M,2022,4,202204,India,Export,Brazil,121190,kg,81500,81500,242016.68
C,M,2022,4,202204,India,Export,Myanmar,121190,kg,85000,85000,104051.495
C,M,2022,4,202204,India,Export,Canada,121190,kg,58262,58262,427016.255
C,M,2022,4,202204,India,Export,Sri Lanka,121190,kg,11359,11359,399859.85
C,M,2022,4,202204,India,Export,Chile,121190,kg,56072,56072,65939.791
C,M,2022,4,202204,India,Export,China,121190,kg,1777373,1777373,2338650.017
C,M,2022,4,202204,India,Export,Colombia,121190,kg,10395,10395,48045.694
C,M,2022,4,202204,India,Export,Dem. Rep. of the Congo,121190,kg,30,30,108.175
C,M,2022,4,202204,India,Export,Costa Rica,121190,kg,21500,21500,150478.494
C,M,2022,4,202204,India,Export,Croatia,121190,kg,20037,20037,99383.987
C,M,2022,4,202204,India,Export,Czechia,121190,kg,320,320,4027.42
C,M,2022,4,202204,India,Export,Denmark,121190,kg,66000,66000,338561.917
C,M,2022,4,202204,India,Export,Dominican Rep.,121190,kg,2000,2000,11154.375
C,M,2022,4,202204,India,Export,Ecuador,121190,kg,9300,9300,79090.589
C,M,2022,4,202204,India,Export,Ethiopia,121190,kg,76000,76000,52444.568
C,M,2022,4,202204,India,Export,Fiji,121190,kg,25,25,60.382
C,M,2022,4,202204,India,Export,Finland,121190,kg,16000,16000,117563.284
C,M,2022,4,202204,India,Export,France,121190,kg,34692,34692,90101.044
C,M,2022,4,202204,India,Export,Germany,121190,kg,622279,622279,3386841.983
C,M,2022,4,202204,India,Export,Ghana,121190,kg,425,425,24402.977
C,M,2022,4,202204,India,Export,Greece,121190,kg,9198,9198,13614.727
C,M,2022,4,202204,India,Export,Guatemala,121190,kg,22005,22005,144893.484
C,M,2022,4,202204,India,Export,Guinea,121190,kg,14.626,14.626,67.825
C,M,2022,4,202204,India,Export,"China, Hong Kong SAR",121190,kg,218,218,2143.269
C,M,2022,4,202204,India,Export,Hungary,121190,kg,10,10,226.892
C,M,2022,4,202204,India,Export,Iceland,121190,kg,3,3,25.636
C,M,2022,4,202204,India,Export,Indonesia,121190,kg,126320,126320,618259.541
C,M,2022,4,202204,India,Export,Iran,121190,kg,155210,155210,219511.23
C,M,2022,4,202204,India,Export,Iraq,121190,kg,30225,30225,73052.031
C,M,2022,4,202204,India,Export,Ireland,121190,kg,42,42,151.716
C,M,2022,4,202204,India,Export,Israel,121190,kg,4085,4085,17415.216
C,M,2022,4,202204,India,Export,Italy,121190,kg,130413,130413,501757.548
C,M,2022,4,202204,India,Export,Côte d'Ivoire,121190,kg,10,10,48.345
C,M,2022,4,202204,India,Export,Japan,121190,kg,118970,118970,371110.413
C,M,2022,4,202204,India,Export,Jordan,121190,kg,54000,54000,89080.761
C,M,2022,4,202204,India,Export,Kenya,121190,kg,925,925,3799.308
C,M,2022,4,202204,India,Export,Rep. of Korea,121190,kg,51475,51475,337140.75
C,M,2022,4,202204,India,Export,Kuwait,121190,kg,10057,10057,139579.929
C,M,2022,4,202204,India,Export,Lebanon,121190,kg,12000,12000,10857.716
C,M,2022,4,202204,India,Export,Latvia,121190,kg,19040,19040,17206.807
C,M,2022,4,202204,India,Export,Malaysia,121190,kg,59390,59390,186372.134
C,M,2022,4,202204,India,Export,Maldives,121190,kg,1441,1441,7416.656
C,M,2022,4,202204,India,Export,Mauritius,121190,kg,4500,4500,7685.999
C,M,2022,4,202204,India,Export,Mexico,121190,kg,382000,382000,935893.039
C,M,2022,4,202204,India,Export,"Other Asia, nes",121190,kg,295620,295620,287375.314
C,M,2022,4,202204,India,Export,Morocco,121190,kg,4000,4000,2795.328
C,M,2022,4,202204,India,Export,Oman,121190,kg,6395,6395,13595.497
C,M,2022,4,202204,India,Export,Nepal,121190,kg,22634.588,22634.588,23017.948
C,M,2022,4,202204,India,Export,Netherlands,121190,kg,107384,107384,664420.218
C,M,2022,4,202204,India,Export,New Zealand,121190,kg,29007,29007,200336.696
C,M,2022,4,202204,India,Export,Nigeria,121190,kg,10,10,144.391
C,M,2022,4,202204,India,Export,Pakistan,121190,kg,72384,72384,543624.756
C,M,2022,4,202204,India,Export,Philippines,121190,kg,47550,47550,115895.168
C,M,2022,4,202204,India,Export,Poland,121190,kg,17200,17200,167748.059
C,M,2022,4,202204,India,Export,Portugal,121190,kg,50,50,420.914
C,M,2022,4,202204,India,Export,Qatar,121190,kg,7558,7558,22645.234
C,M,2022,4,202204,India,Export,Romania,121190,kg,10300,10300,82964.573
C,M,2022,4,202204,India,Export,Russian Federation,121190,kg,5420,5420,64294.424
C,M,2022,4,202204,India,Export,Saint Lucia,121190,kg,10,10,200.14
C,M,2022,4,202204,India,Export,Saudi Arabia,121190,kg,117126,117126,509820.212
C,M,2022,4,202204,India,Export,Senegal,121190,kg,24,24,127.931
C,M,2022,4,202204,India,Export,Singapore,121190,kg,12756,12756,54840.876
C,M,2022,4,202204,India,Export,Viet Nam,121190,kg,18850,18850,64285.721
C,M,2022,4,202204,India,Export,Slovenia,121190,kg,20,20,631.752
C,M,2022,4,202204,India,Export,Somalia,121190,kg,1,1,21.895
C,M,2022,4,202204,India,Export,South Africa,121190,kg,29887,29887,57374.527
C,M,2022,4,202204,India,Export,Spain,121190,kg,59360,59360,234463.233
C,M,2022,4,202204,India,Export,Sudan,121190,kg,28000,28000,63372.642
C,M,2022,4,202204,India,Export,Sweden,121190,kg,79760,79760,403888.57
C,M,2022,4,202204,India,Export,Switzerland,121190,kg,27501.065,27501.065,50764.586
C,M,2022,4,202204,India,Export,Thailand,121190,kg,89100,89100,460977.398
C,M,2022,4,202204,India,Export,Togo,121190,kg,10,10,145.901
C,M,2022,4,202204,India,Export,Trinidad and Tobago,121190,kg,5,5,7.928
C,M,2022,4,202204,India,Export,United Arab Emirates,121190,kg,340929,340929,1128833.832
C,M,2022,4,202204,India,Export,Tunisia,121190,kg,39500,39500,20176.861
C,M,2022,4,202204,India,Export,Türkiye,121190,kg,107142,107142,103125.328
C,M,2022,4,202204,India,Export,Uganda,121190,kg,10,10,9.32
C,M,2022,4,202204,India,Export,Egypt,121190,kg,258,258,1978.19
C,M,2022,4,202204,India,Export,United Kingdom,121190,kg,198098,198098,1413841.06
C,M,2022,4,202204,India,Export,United Rep. of Tanzania,121190,kg,50,50,187.302
C,M,2022,4,202204,India,Export,USA,121190,kg,2567158,2567158,12073034.02
C,M,2022,4,202204,India,Export,Uruguay,121190,kg,215,215,952.406
C,M,2022,5,202205,India,Export,World,121190,kg,8831192.57,8831192.57,37378949.83
C,M,2022,5,202205,India,Export,Afghanistan,121190,kg,38500,38500,330510.946
C,M,2022,5,202205,India,Export,Albania,121190,kg,2400,2400,6485.657
C,M,2022,5,202205,India,Export,Algeria,121190,kg,16000,16000,61277.501
C,M,2022,5,202205,India,Export,Angola,121190,kg,56,56,193.871
C,M,2022,5,202205,India,Export,Argentina,121190,kg,1400,1400,12296.983
C,M,2022,5,202205,India,Export,Australia,121190,kg,45234,45234,354947.957
C,M,2022,5,202205,India,Export,Austria,121190,kg,192005,192005,1102066.593
C,M,2022,5,202205,India,Export,Bahrain,121190,kg,1247,1247,6543.852
C,M,2022,5,202205,India,Export,Bangladesh,121190,kg,534898,534898,400440.43
C,M,2022,5,202205,India,Export,Belgium,121190,kg,33900,33900,122720.895
C,M,2022,5,202205,India,Export,Bhutan,121190,kg,24,24,10.865
C,M,2022,5,202205,India,Export,Brazil,121190,kg,44815,44815,164873.739
C,M,2022,5,202205,India,Export,Bulgaria,121190,kg,13000,13000,17816.041
C,M,2022,5,202205,India,Export,Myanmar,121190,kg,56000,56000,75100.37
C,M,2022,5,202205,India,Export,Canada,121190,kg,53986,53986,389664.469
C,M,2022,5,202205,India,Export,Sri Lanka,121190,kg,48574,48574,401834.417
C,M,2022,5,202205,India,Export,Chile,121190,kg,3500,3500,24708.868
C,M,2022,5,202205,India,Export,China,121190,kg,1699248,1699248,3890052.581
C,M,2022,5,202205,India,Export,Colombia,121190,kg,28500,28500,136754.191
C,M,2022,5,202205,India,Export,Congo,121190,kg,10,10,2537.473
C,M,2022,5,202205,India,Export,Dem. Rep. of the Congo,121190,kg,30,30,165.362
C,M,2022,5,202205,India,Export,Costa Rica,121190,kg,2000,2000,1851.849
C,M,2022,5,202205,India,Export,Czechia,121190,kg,5581,5581,75816.584
C,M,2022,5,202205,India,Export,Denmark,121190,kg,180000,180000,1361299.508
C,M,2022,5,202205,India,Export,Ecuador,121190,kg,11000,11000,85934.332
C,M,2022,5,202205,India,Export,Estonia,121190,kg,100,100,510.314
C,M,2022,5,202205,India,Export,Fiji,121190,kg,600,600,2022.566
C,M,2022,5,202205,India,Export,France,121190,kg,27061,27061,117930.572
C,M,2022,5,202205,India,Export,Georgia,121190,kg,1000,1000,7460.302
C,M,2022,5,202205,India,Export,Germany,121190,kg,869591,869591,4545830.867
C,M,2022,5,202205,India,Export,Greece,121190,kg,21000,21000,23903.194
C,M,2022,5,202205,India,Export,Guinea,121190,kg,22,22,99.432
C,M,2022,5,202205,India,Export,Honduras,121190,kg,3000,3000,2634.473
C,M,2022,5,202205,India,Export,"China, Hong Kong SAR",121190,kg,1082,1082,10491.131
C,M,2022,5,202205,India,Export,Indonesia,121190,kg,83010,83010,340090.387
C,M,2022,5,202205,India,Export,Iran,121190,kg,372885,372885,465907.523
C,M,2022,5,202205,India,Export,Iraq,121190,kg,5395,5395,24188.089
C,M,2022,5,202205,India,Export,Ireland,121190,kg,18125,18125,135025.768
C,M,2022,5,202205,India,Export,Israel,121190,kg,2033,2033,12460.405
C,M,2022,5,202205,India,Export,Italy,121190,kg,247239,247239,1637465.154
C,M,2022,5,202205,India,Export,Japan,121190,kg,72982,72982,480750.93
C,M,2022,5,202205,India,Export,Jordan,121190,kg,20000,20000,18174.368
C,M,2022,5,202205,India,Export,Kenya,121190,kg,33,33,171.687
C,M,2022,5,202205,India,Export,Rep. of Korea,121190,kg,96748.899,96748.899,658175.788
C,M,2022,5,202205,India,Export,Kuwait,121190,kg,19037,19037,151326.621
C,M,2022,5,202205,India,Export,Lebanon,121190,kg,9225,9225,9796.893
C,M,2022,5,202205,India,Export,Latvia,121190,kg,9233,9233,24363.567
C,M,2022,5,202205,India,Export,Libya,121190,kg,20000,20000,38750.43
C,M,2022,5,202205,India,Export,Lithuania,121190,kg,25001,25001,150150.577
C,M,2022,5,202205,India,Export,Malaysia,121190,kg,60549,60549,202451.398
C,M,2022,5,202205,India,Export,Maldives,121190,kg,1817,1817,8351.502
C,M,2022,5,202205,India,Export,Mauritius,121190,kg,1060,1060,7200.552
C,M,2022,5,202205,India,Export,Mexico,121190,kg,197000,197000,187301.469
C,M,2022,5,202205,India,Export,"Other Asia, nes",121190,kg,92419,92419,241807.19
C,M,2022,5,202205,India,Export,Mongolia,121190,kg,94,94,1273.613
C,M,2022,5,202205,India,Export,Morocco,121190,kg,29350,29350,49920.277
C,M,2022,5,202205,India,Export,Mozambique,121190,kg,50,50,110.763
C,M,2022,5,202205,India,Export,Oman,121190,kg,868,868,8037.193
C,M,2022,5,202205,India,Export,Nepal,121190,kg,4849.717,4849.717,20471.947
C,M,2022,5,202205,India,Export,Netherlands,121190,kg,71021,71021,410874.22
C,M,2022,5,202205,India,Export,New Zealand,121190,kg,5701,5701,38344.165
C,M,2022,5,202205,India,Export,Nigeria,121190,kg,788,788,4434.892
C,M,2022,5,202205,India,Export,Pakistan,121190,kg,98752,98752,689851.51
C,M,2022,5,202205,India,Export,Peru,121190,kg,70,70,3087.226
C,M,2022,5,202205,India,Export,Philippines,121190,kg,105005,105005,253134.353
C,M,2022,5,202205,India,Export,Poland,121190,kg,1255,1255,7545.854
C,M,2022,5,202205,India,Export,Portugal,121190,kg,22457,22457,46264.981
C,M,2022,5,202205,India,Export,Qatar,121190,kg,900,900,4185.388
C,M,2022,5,202205,India,Export,Romania,121190,kg,9518,9518,58192.914
C,M,2022,5,202205,India,Export,Russian Federation,121190,kg,60508,60508,403433.386
C,M,2022,5,202205,India,Export,Saudi Arabia,121190,kg,46492,46492,206934.823
C,M,2022,5,202205,India,Export,Senegal,121190,kg,130,130,1005.327
C,M,2022,5,202205,India,Export,Singapore,121190,kg,844,844,5354.239
C,M,2022,5,202205,India,Export,Viet Nam,121190,kg,10100,10100,32330.781
C,M,2022,5,202205,India,Export,Somalia,121190,kg,2300,2300,5502.411
C,M,2022,5,202205,India,Export,South Africa,121190,kg,11320,11320,23930.229
C,M,2022,5,202205,India,Export,Spain,121190,kg,124085,124085,679503.636
C,M,2022,5,202205,India,Export,Switzerland,121190,kg,2525,2525,20825.346
C,M,2022,5,202205,India,Export,Thailand,121190,kg,49370,49370,193409.733
C,M,2022,5,202205,India,Export,United Arab Emirates,121190,kg,236430,236430,544738.884
C,M,2022,5,202205,India,Export,Tunisia,121190,kg,300,300,2826.507
C,M,2022,5,202205,India,Export,Türkiye,121190,kg,69000,69000,136727.894
C,M,2022,5,202205,India,Export,Uganda,121190,kg,46,46,727.792
C,M,2022,5,202205,India,Export,Egypt,121190,kg,78000,78000,64345.596
C,M,2022,5,202205,India,Export,United Kingdom,121190,kg,171801.954,171801.954,1226310.747
C,M,2022,5,202205,India,Export,United Rep. of Tanzania,121190,kg,80,80,582.376
C,M,2022,5,202205,India,Export,USA,121190,kg,2320664,2320664,13679030.28
C,M,2022,5,202205,India,Export,Uzbekistan,121190,kg,220,220,2251.517
C,M,2022,5,202205,India,Export,Venezuela,121190,kg,2000,2000,5628.618
C,M,2022,5,202205,India,Export,Yemen,121190,kg,5100,5100,16935.603
C,M,2022,5,202205,India,Export,Zambia,121190,kg,42,42,186.33
C,M,2022,6,202206,India,Export,World,121190,kg,10627536.96,10627536.96,41662520.26
C,M,2022,6,202206,India,Export,Afghanistan,121190,kg,119960,119960,479158.137
C,M,2022,6,202206,India,Export,Algeria,121190,kg,27000,27000,97577.771
C,M,2022,6,202206,India,Export,Angola,121190,kg,184,184,4607.591
C,M,2022,6,202206,India,Export,Argentina,121190,kg,1500,1500,13835.502
C,M,2022,6,202206,India,Export,Australia,121190,kg,111058,111058,717561.642
C,M,2022,6,202206,India,Export,Austria,121190,kg,96000,96000,621764.596
C,M,2022,6,202206,India,Export,Bahrain,121190,kg,2521,2521,6286.404
C,M,2022,6,202206,India,Export,Bangladesh,121190,kg,1236800,1236800,711325.623
C,M,2022,6,202206,India,Export,Belgium,121190,kg,72786,72786,449352.084
C,M,2022,6,202206,India,Export,Bhutan,121190,kg,7,7,200.824
C,M,2022,6,202206,India,Export,Brazil,121190,kg,85000,85000,513784.784
C,M,2022,6,202206,India,Export,Bulgaria,121190,kg,20000,20000,18590.56
C,M,2022,6,202206,India,Export,Myanmar,121190,kg,8100,8100,11748.342
C,M,2022,6,202206,India,Export,Cameroon,121190,kg,125,125,544.171
C,M,2022,6,202206,India,Export,Canada,121190,kg,114726,114726,553290.634
C,M,2022,6,202206,India,Export,Cayman Isds,121190,kg,12,12,162.644
C,M,2022,6,202206,India,Export,Sri Lanka,121190,kg,35510,35510,55023.189
C,M,2022,6,202206,India,Export,Chile,121190,kg,1500,1500,10125.574
C,M,2022,6,202206,India,Export,China,121190,kg,1810641,1810641,3380972.553
C,M,2022,6,202206,India,Export,Colombia,121190,kg,12,12,2656.281
C,M,2022,6,202206,India,Export,Dem. Rep. of the Congo,121190,kg,10,10,123.03
C,M,2022,6,202206,India,Export,Croatia,121190,kg,5000,5000,50781.692
C,M,2022,6,202206,India,Export,Czechia,121190,kg,763,763,4871.851
C,M,2022,6,202206,India,Export,Denmark,121190,kg,150005,150005,1151045.061
C,M,2022,6,202206,India,Export,Dominican Rep.,121190,kg,4000,4000,3247.239
C,M,2022,6,202206,India,Export,Ecuador,121190,kg,7000,7000,4136.615
C,M,2022,6,202206,India,Export,El Salvador,121190,kg,5000,5000,28171.092
C,M,2022,6,202206,India,Export,Estonia,121190,kg,3000,3000,21246.354
C,M,2022,6,202206,India,Export,Fiji,121190,kg,150,150,696.403
C,M,2022,6,202206,India,Export,France,121190,kg,149098,149098,747167.319
C,M,2022,6,202206,India,Export,Georgia,121190,kg,25050,25050,21271.931
C,M,2022,6,202206,India,Export,Germany,121190,kg,953982,953982,5414122.133
C,M,2022,6,202206,India,Export,Kiribati,121190,kg,7,7,96.39
C,M,2022,6,202206,India,Export,Greece,121190,kg,30,30,548.974
C,M,2022,6,202206,India,Export,Guatemala,121190,kg,2000,2000,16467.667
C,M,2022,6,202206,India,Export,Guinea,121190,kg,19,19,19.647
C,M,2022,6,202206,India,Export,"China, Hong Kong SAR",121190,kg,2654.962,2654.962,13672.563
C,M,2022,6,202206,India,Export,Hungary,121190,kg,80,80,1292.868
C,M,2022,6,202206,India,Export,Iceland,121190,kg,100000,100000,93904.166
C,M,2022,6,202206,India,Export,Indonesia,121190,kg,112623,112623,313029.545
C,M,2022,6,202206,India,Export,Iran,121190,kg,78650,78650,163132.485
C,M,2022,6,202206,India,Export,Iraq,121190,kg,9085,9085,21152.474
C,M,2022,6,202206,India,Export,Ireland,121190,kg,16605,16605,142716.605
C,M,2022,6,202206,India,Export,Israel,121190,kg,26550,26550,66046.925
C,M,2022,6,202206,India,Export,Italy,121190,kg,314000,314000,2166714.247
C,M,2022,6,202206,India,Export,Japan,121190,kg,45501,45501,265406.809
C,M,2022,6,202206,India,Export,Jordan,121190,kg,300,300,1333.699
C,M,2022,6,202206,India,Export,Kenya,121190,kg,1040,1040,1156.582
C,M,2022,6,202206,India,Export,Rep. of Korea,121190,kg,99493,99493,692207.695
C,M,2022,6,202206,India,Export,Kuwait,121190,kg,4505,4505,49659.268
C,M,2022,6,202206,India,Export,Lebanon,121190,kg,3450,3450,7683.578
C,M,2022,6,202206,India,Export,Latvia,121190,kg,52524,52524,93108.298
C,M,2022,6,202206,India,Export,Liberia,121190,kg,10,10,111.798
C,M,2022,6,202206,India,Export,Libya,121190,kg,18000,18000,39935.277
C,M,2022,6,202206,India,Export,Madagascar,121190,kg,31,31,211.467
C,M,2022,6,202206,India,Export,Malaysia,121190,kg,87398,87398,392367.481
C,M,2022,6,202206,India,Export,Maldives,121190,kg,55,55,222.302
C,M,2022,6,202206,India,Export,Mauritius,121190,kg,6274,6274,18425.316
C,M,2022,6,202206,India,Export,Mexico,121190,kg,259500,259500,348409.935
C,M,2022,6,202206,India,Export,"Other Asia, nes",121190,kg,90127,90127,192389.82
C,M,2022,6,202206,India,Export,Mongolia,121190,kg,2,2,49.476
C,M,2022,6,202206,India,Export,Morocco,121190,kg,2150,2150,13640.211
C,M,2022,6,202206,India,Export,Mozambique,121190,kg,30,30,152.27
C,M,2022,6,202206,India,Export,Oman,121190,kg,13080,13080,19328.037
C,M,2022,6,202206,India,Export,Nepal,121190,kg,8494,8494,30996.152
C,M,2022,6,202206,India,Export,Netherlands,121190,kg,197055,197055,1000268.256
C,M,2022,6,202206,India,Export,New Zealand,121190,kg,12154,12154,83485.552
C,M,2022,6,202206,India,Export,Nigeria,121190,kg,10348,10348,83410.166
C,M,2022,6,202206,India,Export,Pakistan,121190,kg,98338,98338,629582.692
C,M,2022,6,202206,India,Export,Philippines,121190,kg,95560,95560,122694.367
C,M,2022,6,202206,India,Export,Poland,121190,kg,61187,61187,244122.531
C,M,2022,6,202206,India,Export,Portugal,121190,kg,400,400,3908.101
C,M,2022,6,202206,India,Export,Qatar,121190,kg,18870,18870,101596.927
C,M,2022,6,202206,India,Export,Romania,121190,kg,1818,1818,30737.592
C,M,2022,6,202206,India,Export,Russian Federation,121190,kg,49698,49698,124751.199
C,M,2022,6,202206,India,Export,Saudi Arabia,121190,kg,85929,85929,308479.102
C,M,2022,6,202206,India,Export,Serbia,121190,kg,475,475,1496.1
C,M,2022,6,202206,India,Export,Singapore,121190,kg,1498,1498,5961.18
C,M,2022,6,202206,India,Export,Slovakia,121190,kg,600,600,4214.806
C,M,2022,6,202206,India,Export,Viet Nam,121190,kg,186380,186380,532140.977
C,M,2022,6,202206,India,Export,Somalia,121190,kg,300,300,1595.551
C,M,2022,6,202206,India,Export,South Africa,121190,kg,28009,28009,142801.084
C,M,2022,6,202206,India,Export,Spain,121190,kg,99175,99175,537063.93
C,M,2022,6,202206,India,Export,Sudan,121190,kg,6025,6025,17246.448
C,M,2022,6,202206,India,Export,Sweden,121190,kg,24000,24000,61931.033
C,M,2022,6,202206,India,Export,Switzerland,121190,kg,27131,27131,29515.819
C,M,2022,6,202206,India,Export,Thailand,121190,kg,103411,103411,445463.361
C,M,2022,6,202206,India,Export,United Arab Emirates,121190,kg,341974,341974,880937.908
C,M,2022,6,202206,India,Export,Türkiye,121190,kg,162725,162725,305189.035
C,M,2022,6,202206,India,Export,Egypt,121190,kg,31005,31005,63370.036
C,M,2022,6,202206,India,Export,United Kingdom,121190,kg,211340,211340,1325526.571
C,M,2022,6,202206,India,Export,United Rep. of Tanzania,121190,kg,125,125,1323.94
C,M,2022,6,202206,India,Export,USA,121190,kg,2357239,2357239,14276178.25
C,M,2022,6,202206,India,Export,Uruguay,121190,kg,4000,4000,26217.938
C,M,2022,6,202206,India,Export,Venezuela,121190,kg,10000,10000,10270.147
C,M,2022,7,202207,India,Export,World,121190,kg,8182153.096,8182153.096,36972392
C,M,2022,7,202207,India,Export,Afghanistan,121190,kg,20000,20000,175367.198
C,M,2022,7,202207,India,Export,Algeria,121190,kg,7500,7500,34964.622
C,M,2022,7,202207,India,Export,Argentina,121190,kg,1000,1000,1794.942
C,M,2022,7,202207,India,Export,Australia,121190,kg,139696,139696,844868.897
C,M,2022,7,202207,India,Export,Austria,121190,kg,24000,24000,186575.501
C,M,2022,7,202207,India,Export,Bahrain,121190,kg,2000,2000,9909.396
C,M,2022,7,202207,India,Export,Bangladesh,121190,kg,458950,458950,445813.177
C,M,2022,7,202207,India,Export,Barbados,121190,kg,4,4,52.098
C,M,2022,7,202207,India,Export,Belgium,121190,kg,12591,12591,22499.588
C,M,2022,7,202207,India,Export,Bhutan,121190,kg,56,56,81.412
C,M,2022,7,202207,India,Export,Brazil,121190,kg,51000,51000,233715.804
C,M,2022,7,202207,India,Export,Myanmar,121190,kg,57000,57000,75578.302
C,M,2022,7,202207,India,Export,Cameroon,121190,kg,280,280,1132.854
C,M,2022,7,202207,India,Export,Canada,121190,kg,107396,107396,605098.817
C,M,2022,7,202207,India,Export,Sri Lanka,121190,kg,32959,32959,517188.803
C,M,2022,7,202207,India,Export,China,121190,kg,1176013,1176013,2508320.167
C,M,2022,7,202207,India,Export,Colombia,121190,kg,12000,12000,15232.805
C,M,2022,7,202207,India,Export,Dem. Rep. of the Congo,121190,kg,20,20,87.052
C,M,2022,7,202207,India,Export,Costa Rica,121190,kg,21500,21500,145293.804
C,M,2022,7,202207,India,Export,Czechia,121190,kg,345,345,4807.655
C,M,2022,7,202207,India,Export,Denmark,121190,kg,44000,44000,218558.533
C,M,2022,7,202207,India,Export,Dominica,121190,kg,2,2,26.853
C,M,2022,7,202207,India,Export,Ecuador,121190,kg,575,575,4014.631
C,M,2022,7,202207,India,Export,Finland,121190,kg,15000,15000,94221.199
C,M,2022,7,202207,India,Export,France,121190,kg,150959,150959,703827.392
C,M,2022,7,202207,India,Export,Germany,121190,kg,1032008.096,1032008.096,5769673.56
C,M,2022,7,202207,India,Export,Ghana,121190,kg,75,75,1234.148
C,M,2022,7,202207,India,Export,Greece,121190,kg,300,300,443.8
C,M,2022,7,202207,India,Export,Guyana,121190,kg,1000,1000,1455.364
C,M,2022,7,202207,India,Export,Honduras,121190,kg,1900,1900,1480.219
C,M,2022,7,202207,India,Export,"China, Hong Kong SAR",121190,kg,40,40,3712.581
C,M,2022,7,202207,India,Export,Hungary,121190,kg,4500,4500,24385.363
C,M,2022,7,202207,India,Export,Iceland,121190,kg,50000,50000,59412.708
C,M,2022,7,202207,India,Export,Indonesia,121190,kg,71433,71433,274113.771
C,M,2022,7,202207,India,Export,Iran,121190,kg,31000,31000,60125.085
C,M,2022,7,202207,India,Export,Iraq,121190,kg,27448,27448,43538.6
C,M,2022,7,202207,India,Export,Ireland,121190,kg,71804,71804,456370.594
C,M,2022,7,202207,India,Export,Israel,121190,kg,27852,27852,32745.473
C,M,2022,7,202207,India,Export,Italy,121190,kg,357627,357627,2341244.064
C,M,2022,7,202207,India,Export,Japan,121190,kg,43155,43155,354435.497
C,M,2022,7,202207,India,Export,Kazakhstan,121190,kg,12,12,216.556
C,M,2022,7,202207,India,Export,Jordan,121190,kg,6000,6000,12554.974
C,M,2022,7,202207,India,Export,Kenya,121190,kg,1020,1020,3043.848
C,M,2022,7,202207,India,Export,Rep. of Korea,121190,kg,156633,156633,1081660.853
C,M,2022,7,202207,India,Export,Kuwait,121190,kg,2903,2903,130989.153
C,M,2022,7,202207,India,Export,Lebanon,121190,kg,13,13,110.865
C,M,2022,7,202207,India,Export,Malawi,121190,kg,10,10,5.602
C,M,2022,7,202207,India,Export,Malaysia,121190,kg,98477,98477,457451.35
C,M,2022,7,202207,India,Export,Maldives,121190,kg,84,84,1659.636
C,M,2022,7,202207,India,Export,Mauritius,121190,kg,188,188,3554.014
C,M,2022,7,202207,India,Export,Mexico,121190,kg,77000,77000,165011.377
C,M,2022,7,202207,India,Export,"Other Asia, nes",121190,kg,8000,8000,67045.068
C,M,2022,7,202207,India,Export,Rep. of Moldova,121190,kg,93,93,1394.185
C,M,2022,7,202207,India,Export,Morocco,121190,kg,130,130,1645.142
C,M,2022,7,202207,India,Export,Oman,121190,kg,105,105,746.791
C,M,2022,7,202207,India,Export,Nepal,121190,kg,85461,85461,108723.239
C,M,2022,7,202207,India,Export,Netherlands,121190,kg,169586,169586,910036.504
C,M,2022,7,202207,India,Export,Curaçao,121190,kg,231,231,4769.749
C,M,2022,7,202207,India,Export,New Zealand,121190,kg,6491,6491,42824.803
C,M,2022,7,202207,India,Export,Nigeria,121190,kg,3618,3618,10395.66
C,M,2022,7,202207,India,Export,Pakistan,121190,kg,135000,135000,748216.415
C,M,2022,7,202207,India,Export,Panama,121190,kg,6784,6784,55614.294
C,M,2022,7,202207,India,Export,Papua New Guinea,121190,kg,144,144,2250.598
C,M,2022,7,202207,India,Export,Philippines,121190,kg,134628,134628,369913.419
C,M,2022,7,202207,India,Export,Poland,121190,kg,120876,120876,536194.476
C,M,2022,7,202207,India,Export,Qatar,121190,kg,4252,4252,28515.656
C,M,2022,7,202207,India,Export,Romania,121190,kg,10510,10510,77991.675
C,M,2022,7,202207,India,Export,Russian Federation,121190,kg,86430,86430,338013.332
C,M,2022,7,202207,India,Export,Saudi Arabia,121190,kg,45600,45600,233495.318
C,M,2022,7,202207,India,Export,Serbia,121190,kg,1150,1150,11514.045
C,M,2022,7,202207,India,Export,Singapore,121190,kg,13545,13545,28883.595
C,M,2022,7,202207,India,Export,Viet Nam,121190,kg,29300,29300,91943.346
C,M,2022,7,202207,India,Export,Slovenia,121190,kg,575,575,4894.091
C,M,2022,7,202207,India,Export,Somalia,121190,kg,16000,16000,10366.045
C,M,2022,7,202207,India,Export,South Africa,121190,kg,6466,6466,46267.676
C,M,2022,7,202207,India,Export,Spain,121190,kg,80897,80897,183677.773
C,M,2022,7,202207,India,Export,Suriname,121190,kg,10,10,130.597
C,M,2022,7,202207,India,Export,Sweden,121190,kg,68970,68970,336644.153
C,M,2022,7,202207,India,Export,Switzerland,121190,kg,85,85,1378.9
C,M,2022,7,202207,India,Export,Thailand,121190,kg,87042,87042,342157.554
C,M,2022,7,202207,India,Export,Trinidad and Tobago,121190,kg,6,6,165.287
C,M,2022,7,202207,India,Export,United Arab Emirates,121190,kg,276544,276544,974346.544
C,M,2022,7,202207,India,Export,Tunisia,121190,kg,2000,2000,17308.371
C,M,2022,7,202207,India,Export,Türkiye,121190,kg,3000,3000,30126.032
C,M,2022,7,202207,India,Export,Ukraine,121190,kg,20,20,749.844
C,M,2022,7,202207,India,Export,Egypt,121190,kg,78200,78200,50040.217
C,M,2022,7,202207,India,Export,United Kingdom,121190,kg,167565,167565,1249928.577
C,M,2022,7,202207,India,Export,United Rep. of Tanzania,121190,kg,20269,20269,34717.533
C,M,2022,7,202207,India,Export,USA,121190,kg,2074342,2074342,11823233.95
C,M,2022,7,202207,India,Export,Uzbekistan,121190,kg,24045,24045,23654.987
C,M,2022,7,202207,India,Export,Yemen,121190,kg,16855,16855,42815.999
C,M,2022,8,202208,India,Export,World,121190,kg,8230440,8230440,37919119.08
C,M,2022,8,202208,India,Export,Afghanistan,121190,kg,38040,38040,58107.966
C,M,2022,8,202208,India,Export,Algeria,121190,kg,73000,73000,156677.291
C,M,2022,8,202208,India,Export,Angola,121190,kg,9,9,44.485
C,M,2022,8,202208,India,Export,Argentina,121190,kg,3500,3500,27739.001
C,M,2022,8,202208,India,Export,Australia,121190,kg,113789,113789,809005.605
C,M,2022,8,202208,India,Export,Austria,121190,kg,48024,48024,371416.782
C,M,2022,8,202208,India,Export,Bahrain,121190,kg,555,555,5109.128
C,M,2022,8,202208,India,Export,Bangladesh,121190,kg,297738,297738,214681.518
C,M,2022,8,202208,India,Export,Belgium,121190,kg,22560,22560,59272.543
C,M,2022,8,202208,India,Export,Bhutan,121190,kg,6,6,33.034
C,M,2022,8,202208,India,Export,Botswana,121190,kg,1,1,993.551
C,M,2022,8,202208,India,Export,Brazil,121190,kg,140401,140401,438714.144
C,M,2022,8,202208,India,Export,Cambodia,121190,kg,5,5,132.11
C,M,2022,8,202208,India,Export,Canada,121190,kg,128645,128645,976375.553
C,M,2022,8,202208,India,Export,Sri Lanka,121190,kg,59660,59660,328805.29
C,M,2022,8,202208,India,Export,Chile,121190,kg,24200,24200,73926.859
C,M,2022,8,202208,India,Export,China,121190,kg,1358780,1358780,2974165.425
C,M,2022,8,202208,India,Export,Colombia,121190,kg,28625,28625,24260.467
C,M,2022,8,202208,India,Export,Dem. Rep. of the Congo,121190,kg,12,12,48.092
C,M,2022,8,202208,India,Export,Croatia,121190,kg,6600,6600,41944.344
C,M,2022,8,202208,India,Export,Czechia,121190,kg,10,10,131.192
C,M,2022,8,202208,India,Export,Denmark,121190,kg,60000,60000,493760.671
C,M,2022,8,202208,India,Export,Equatorial Guinea,121190,kg,10,10,37.785
C,M,2022,8,202208,India,Export,Estonia,121190,kg,17000,17000,123999.447
C,M,2022,8,202208,India,Export,Fiji,121190,kg,50,50,205.04
C,M,2022,8,202208,India,Export,France,121190,kg,209394,209394,1091551.652
C,M,2022,8,202208,India,Export,Germany,121190,kg,996218,996218,5463982.037
C,M,2022,8,202208,India,Export,Ghana,121190,kg,5700,5700,69462.353
C,M,2022,8,202208,India,Export,Guinea,121190,kg,55,55,640.726
C,M,2022,8,202208,India,Export,"China, Hong Kong SAR",121190,kg,705,705,5592.127
C,M,2022,8,202208,India,Export,Indonesia,121190,kg,48300,48300,458795.43
C,M,2022,8,202208,India,Export,Iran,121190,kg,20000,20000,40415.868
C,M,2022,8,202208,India,Export,Iraq,121190,kg,17725,17725,41901.342
C,M,2022,8,202208,India,Export,Ireland,121190,kg,100268,100268,650116.537
C,M,2022,8,202208,India,Export,Israel,121190,kg,250,250,2307.157
C,M,2022,8,202208,India,Export,Italy,121190,kg,328000,328000,2280580.605
C,M,2022,8,202208,India,Export,Japan,121190,kg,70098,70098,577205.755
C,M,2022,8,202208,India,Export,Kazakhstan,121190,kg,14,14,398.29
C,M,2022,8,202208,India,Export,Jordan,121190,kg,8000,8000,15364.126
C,M,2022,8,202208,India,Export,Kenya,121190,kg,300,300,2369.679
C,M,2022,8,202208,India,Export,Rep. of Korea,121190,kg,91940,91940,618884.698
C,M,2022,8,202208,India,Export,Kuwait,121190,kg,3302,3302,14406.726
C,M,2022,8,202208,India,Export,Lebanon,121190,kg,3120,3120,4521.761
C,M,2022,8,202208,India,Export,Latvia,121190,kg,1000,1000,9208.716
C,M,2022,8,202208,India,Export,Libya,121190,kg,16700,16700,37124.764
C,M,2022,8,202208,India,Export,Madagascar,121190,kg,300,300,2025.88
C,M,2022,8,202208,India,Export,Malaysia,121190,kg,58048,58048,320253.527
C,M,2022,8,202208,India,Export,Maldives,121190,kg,2,2,26.347
C,M,2022,8,202208,India,Export,Mexico,121190,kg,172825,172825,670336.444
C,M,2022,8,202208,India,Export,"Other Asia, nes",121190,kg,2114,2114,16443.529
C,M,2022,8,202208,India,Export,Morocco,121190,kg,6600,6600,21472.36
C,M,2022,8,202208,India,Export,Oman,121190,kg,202,202,2377.184
C,M,2022,8,202208,India,Export,Nepal,121190,kg,53748,53748,92791.767
C,M,2022,8,202208,India,Export,Netherlands,121190,kg,129359,129359,601008.551
C,M,2022,8,202208,India,Export,New Zealand,121190,kg,11239,11239,83859.061
C,M,2022,8,202208,India,Export,Nigeria,121190,kg,2875,2875,10111.223
C,M,2022,8,202208,India,Export,Pakistan,121190,kg,19000,19000,140386.625
C,M,2022,8,202208,India,Export,Philippines,121190,kg,43965,43965,86488.686
C,M,2022,8,202208,India,Export,Poland,121190,kg,23121,23121,22264.076
C,M,2022,8,202208,India,Export,Portugal,121190,kg,20000,20000,22857.527
C,M,2022,8,202208,India,Export,Qatar,121190,kg,6967,6967,52804.533
C,M,2022,8,202208,India,Export,Romania,121190,kg,60120,60120,113332.999
C,M,2022,8,202208,India,Export,Russian Federation,121190,kg,86497,86497,423635.733
C,M,2022,8,202208,India,Export,Saudi Arabia,121190,kg,40484,40484,47751.089
C,M,2022,8,202208,India,Export,Senegal,121190,kg,140,140,1032.606
C,M,2022,8,202208,India,Export,Sierra Leone,121190,kg,12,12,53.322
C,M,2022,8,202208,India,Export,Singapore,121190,kg,1568,1568,17702.594
C,M,2022,8,202208,India,Export,Viet Nam,121190,kg,20600,20600,59957.063
C,M,2022,8,202208,India,Export,Somalia,121190,kg,1500,1500,1224.51
C,M,2022,8,202208,India,Export,South Africa,121190,kg,84750,84750,136980.406
C,M,2022,8,202208,India,Export,Zimbabwe,121190,kg,2,2,21.721
C,M,2022,8,202208,India,Export,Spain,121190,kg,91696,91696,245217.575
C,M,2022,8,202208,India,Export,Sweden,121190,kg,28160,28160,183204
C,M,2022,8,202208,India,Export,Switzerland,121190,kg,251,251,7055.139
C,M,2022,8,202208,India,Export,Thailand,121190,kg,116804,116804,484863.337
C,M,2022,8,202208,India,Export,Trinidad and Tobago,121190,kg,200,200,829.388
C,M,2022,8,202208,India,Export,United Arab Emirates,121190,kg,517607,517607,759641.041
C,M,2022,8,202208,India,Export,Türkiye,121190,kg,18000,18000,52801.001
C,M,2022,8,202208,India,Export,North Macedonia,121190,kg,24,24,1269.31
C,M,2022,8,202208,India,Export,Egypt,121190,kg,200,200,1788.849
C,M,2022,8,202208,India,Export,United Kingdom,121190,kg,210953,210953,1629861.052
C,M,2022,8,202208,India,Export,United Rep. of Tanzania,121190,kg,12274,12274,21407.047
C,M,2022,8,202208,India,Export,USA,121190,kg,2045911,2045911,13019500.84
C,M,2022,8,202208,India,Export,Zambia,121190,kg,13,13,63.478
C,M,2022,9,202209,India,Export,World,121190,kg,7399397.775,7399397.775,34627836.99
C,M,2022,9,202209,India,Export,Afghanistan,121190,kg,58294,58294,61956.049
C,M,2022,9,202209,India,Export,Algeria,121190,kg,58000,58000,108730.313
C,M,2022,9,202209,India,Export,Angola,121190,kg,5,5,366.877
C,M,2022,9,202209,India,Export,Argentina,121190,kg,37160,37160,88811.631
C,M,2022,9,202209,India,Export,Australia,121190,kg,35377,35377,204768.272
C,M,2022,9,202209,India,Export,Austria,121190,kg,48000,48000,362491.331
C,M,2022,9,202209,India,Export,Bahrain,121190,kg,9431,9431,9377.754
C,M,2022,9,202209,India,Export,Bangladesh,121190,kg,671559,671559,381471.519
C,M,2022,9,202209,India,Export,Belgium,121190,kg,125350,125350,286973.543
C,M,2022,9,202209,India,Export,Bhutan,121190,kg,71,71,242.935
C,M,2022,9,202209,India,Export,Brazil,121190,kg,37500,37500,231415.348
C,M,2022,9,202209,India,Export,Bulgaria,121190,kg,21,21,318.364
C,M,2022,9,202209,India,Export,Myanmar,121190,kg,10000,10000,13549.962
C,M,2022,9,202209,India,Export,Cambodia,121190,kg,10,10,128.963
C,M,2022,9,202209,India,Export,Canada,121190,kg,39033,39033,364235.256
C,M,2022,9,202209,India,Export,Sri Lanka,121190,kg,90576,90576,675192.148
C,M,2022,9,202209,India,Export,Chile,121190,kg,2824,2824,21504.386
C,M,2022,9,202209,India,Export,China,121190,kg,802070,802070,1915440.905
C,M,2022,9,202209,India,Export,Colombia,121190,kg,14968,14968,18660.578
C,M,2022,9,202209,India,Export,Dem. Rep. of the Congo,121190,kg,30,30,163.307
C,M,2022,9,202209,India,Export,Croatia,121190,kg,25,25,1067.221
C,M,2022,9,202209,India,Export,Denmark,121190,kg,158,158,752.333
C,M,2022,9,202209,India,Export,Ecuador,121190,kg,12000,12000,119935.896
C,M,2022,9,202209,India,Export,Equatorial Guinea,121190,kg,10,10,37.409
C,M,2022,9,202209,India,Export,Fiji,121190,kg,182,182,472.001
C,M,2022,9,202209,India,Export,Finland,121190,kg,750,750,10752.548
C,M,2022,9,202209,India,Export,France,121190,kg,137836,137836,744746.548
C,M,2022,9,202209,India,Export,Djibouti,121190,kg,100,100,529.585
C,M,2022,9,202209,India,Export,Gambia,121190,kg,4,4,24.711
C,M,2022,9,202209,India,Export,Germany,121190,kg,1415100,1415100,8060582.247
C,M,2022,9,202209,India,Export,Ghana,121190,kg,10,10,79.142
C,M,2022,9,202209,India,Export,Greece,121190,kg,9583,9583,13964.791
C,M,2022,9,202209,India,Export,Grenada,121190,kg,1,1,27.54
C,M,2022,9,202209,India,Export,Guatemala,121190,kg,2000,2000,19845.721
C,M,2022,9,202209,India,Export,"China, Hong Kong SAR",121190,kg,4076,4076,19624.842
C,M,2022,9,202209,India,Export,Hungary,121190,kg,10000,10000,59478.358
C,M,2022,9,202209,India,Export,Indonesia,121190,kg,63760,63760,80498.331
C,M,2022,9,202209,India,Export,Iran,121190,kg,19500,19500,16823.141
C,M,2022,9,202209,India,Export,Iraq,121190,kg,11800,11800,24950.342
C,M,2022,9,202209,India,Export,Ireland,121190,kg,32990,32990,229490.533
C,M,2022,9,202209,India,Export,Israel,121190,kg,12425,12425,45177.333
C,M,2022,9,202209,India,Export,Italy,121190,kg,225658,225658,1336321.272
C,M,2022,9,202209,India,Export,Côte d'Ivoire,121190,kg,100,100,453.621
C,M,2022,9,202209,India,Export,Jamaica,121190,kg,300,300,597.251
C,M,2022,9,202209,India,Export,Japan,121190,kg,71901,71901,733733.407
C,M,2022,9,202209,India,Export,Kenya,121190,kg,1104,1104,7390.283
C,M,2022,9,202209,India,Export,Rep. of Korea,121190,kg,135175,135175,940973.999
C,M,2022,9,202209,India,Export,Kuwait,121190,kg,10191,10191,283075.162
C,M,2022,9,202209,India,Export,Latvia,121190,kg,198,198,2863.884
C,M,2022,9,202209,India,Export,Lithuania,121190,kg,3000,3000,1882.97
C,M,2022,9,202209,India,Export,Madagascar,121190,kg,35,35,359.624
C,M,2022,9,202209,India,Export,Malaysia,121190,kg,78256,78256,280560.211
C,M,2022,9,202209,India,Export,Maldives,121190,kg,30,30,368.16
C,M,2022,9,202209,India,Export,Mauritius,121190,kg,2750,2750,4984.045
C,M,2022,9,202209,India,Export,Mexico,121190,kg,246050,246050,433594.922
C,M,2022,9,202209,India,Export,"Other Asia, nes",121190,kg,107,107,565.088
C,M,2022,9,202209,India,Export,Montserrat,121190,kg,4,4,132.403
C,M,2022,9,202209,India,Export,Morocco,121190,kg,42000,42000,53188.369
C,M,2022,9,202209,India,Export,Oman,121190,kg,3037,3037,25708.844
C,M,2022,9,202209,India,Export,Nepal,121190,kg,39365,39365,128606.901
C,M,2022,9,202209,India,Export,Netherlands,121190,kg,162484,162484,950832.44
C,M,2022,9,202209,India,Export,New Zealand,121190,kg,7829,7829,67364.904
C,M,2022,9,202209,India,Export,Nigeria,121190,kg,100,100,245.178
C,M,2022,9,202209,India,Export,Pakistan,121190,kg,50750,50750,329810.098
C,M,2022,9,202209,India,Export,Peru,121190,kg,1235,1235,19475.604
C,M,2022,9,202209,India,Export,Philippines,121190,kg,25376,25376,87806.368
C,M,2022,9,202209,India,Export,Poland,121190,kg,25631,25631,136485.31
C,M,2022,9,202209,India,Export,Qatar,121190,kg,4120,4120,15239.345
C,M,2022,9,202209,India,Export,Romania,121190,kg,3128,3128,38299.576
C,M,2022,9,202209,India,Export,Russian Federation,121190,kg,103743,103743,596220.615
C,M,2022,9,202209,India,Export,Saint Lucia,121190,kg,50,50,939.915
C,M,2022,9,202209,India,Export,Saudi Arabia,121190,kg,35759,35759,343738.812
C,M,2022,9,202209,India,Export,Seychelles,121190,kg,2,2,16.898
C,M,2022,9,202209,India,Export,Sierra Leone,121190,kg,6,6,34.107
C,M,2022,9,202209,India,Export,Singapore,121190,kg,2419.775,2419.775,11958.564
C,M,2022,9,202209,India,Export,Slovakia,121190,kg,100,100,1284.149
C,M,2022,9,202209,India,Export,Viet Nam,121190,kg,1900,1900,18842.327
C,M,2022,9,202209,India,Export,Somalia,121190,kg,750,750,1887.868
C,M,2022,9,202209,India,Export,South Africa,121190,kg,42449,42449,122783.817
C,M,2022,9,202209,India,Export,Spain,121190,kg,35020,35020,290834.876
C,M,2022,9,202209,India,Export,Sweden,121190,kg,28169,28169,180360.848
C,M,2022,9,202209,India,Export,Switzerland,121190,kg,550,550,4826.781
C,M,2022,9,202209,India,Export,Thailand,121190,kg,30100,30100,157822.451
C,M,2022,9,202209,India,Export,Trinidad and Tobago,121190,kg,192,192,1145.117
C,M,2022,9,202209,India,Export,United Arab Emirates,121190,kg,400530,400530,1773539.065
C,M,2022,9,202209,India,Export,Türkiye,121190,kg,41000,41000,41513.277
C,M,2022,9,202209,India,Export,Egypt,121190,kg,200,200,611.793
C,M,2022,9,202209,India,Export,United Kingdom,121190,kg,120883,120883,755046.821
C,M,2022,9,202209,India,Export,United Rep. of Tanzania,121190,kg,5525,5525,8529.418
C,M,2022,9,202209,India,Export,USA,121190,kg,1619802,1619802,10214303.25
C,M,2022,9,202209,India,Export,Uzbekistan,121190,kg,20,20,562.994
C,M,2022,9,202209,India,Export,Yemen,121190,kg,17725,17725,25453.971
C,M,2022,10,202210,India,Export,World,121190,kg,7230244.436,7230244.436,35990673.28
C,M,2022,10,202210,India,Export,Afghanistan,121190,kg,48000,48000,314623.895
C,M,2022,10,202210,India,Export,Algeria,121190,kg,45000,45000,52475.887
C,M,2022,10,202210,India,Export,Argentina,121190,kg,7000,7000,46023.435
C,M,2022,10,202210,India,Export,Australia,121190,kg,99748,99748,721088.931
C,M,2022,10,202210,India,Export,Austria,121190,kg,48038,48038,349186.949
C,M,2022,10,202210,India,Export,Bahrain,121190,kg,1670,1670,5533.005
C,M,2022,10,202210,India,Export,Bangladesh,121190,kg,898315,898315,518224.646
C,M,2022,10,202210,India,Export,Belgium,121190,kg,105900,105900,195150.835
C,M,2022,10,202210,India,Export,Bhutan,121190,kg,40,40,112.83
C,M,2022,10,202210,India,Export,Brazil,121190,kg,83523,83523,390494.028
C,M,2022,10,202210,India,Export,Bulgaria,121190,kg,18600,18600,147240.727
C,M,2022,10,202210,India,Export,Myanmar,121190,kg,26000,26000,13036.997
C,M,2022,10,202210,India,Export,Canada,121190,kg,97206,97206,483933.78
C,M,2022,10,202210,India,Export,Sri Lanka,121190,kg,68189,68189,675978.373
C,M,2022,10,202210,India,Export,China,121190,kg,461190,461190,994253.337
C,M,2022,10,202210,India,Export,Colombia,121190,kg,66500,66500,144098.449
C,M,2022,10,202210,India,Export,Dem. Rep. of the Congo,121190,kg,20,20,103.599
C,M,2022,10,202210,India,Export,Croatia,121190,kg,20,20,91.454
C,M,2022,10,202210,India,Export,Czechia,121190,kg,550,550,4332.541
C,M,2022,10,202210,India,Export,Denmark,121190,kg,20000,20000,133358.636
C,M,2022,10,202210,India,Export,Ecuador,121190,kg,300,300,4005.577
C,M,2022,10,202210,India,Export,El Salvador,121190,kg,12000,12000,69564.371
C,M,2022,10,202210,India,Export,Estonia,121190,kg,50,50,259.059
C,M,2022,10,202210,India,Export,France,121190,kg,148522,148522,885539.753
C,M,2022,10,202210,India,Export,Georgia,121190,kg,12180,12180,9285.876
C,M,2022,10,202210,India,Export,Germany,121190,kg,929806.425,929806.425,6159040.775
C,M,2022,10,202210,India,Export,Greece,121190,kg,700,700,868.473
C,M,2022,10,202210,India,Export,"China, Hong Kong SAR",121190,kg,48,48,1495.62
C,M,2022,10,202210,India,Export,Indonesia,121190,kg,33850,33850,274386.938
C,M,2022,10,202210,India,Export,Iran,121190,kg,5000,5000,6248.023
C,M,2022,10,202210,India,Export,Iraq,121190,kg,8485,8485,18529.316
C,M,2022,10,202210,India,Export,Ireland,121190,kg,33798,33798,244126.329
C,M,2022,10,202210,India,Export,Israel,121190,kg,7248,7248,13733.032
C,M,2022,10,202210,India,Export,Italy,121190,kg,186564,186564,1334373.171
C,M,2022,10,202210,India,Export,Japan,121190,kg,78199.011,78199.011,692534.31
C,M,2022,10,202210,India,Export,Kazakhstan,121190,kg,2,2,57.52
C,M,2022,10,202210,India,Export,Jordan,121190,kg,7030,7030,14242.271
C,M,2022,10,202210,India,Export,Kenya,121190,kg,198,198,1489.304
C,M,2022,10,202210,India,Export,Rep. of Korea,121190,kg,133755,133755,975518.935
C,M,2022,10,202210,India,Export,Kuwait,121190,kg,4420,4420,168331.995
C,M,2022,10,202210,India,Export,Lebanon,121190,kg,160,160,690.01
C,M,2022,10,202210,India,Export,Libya,121190,kg,18000,18000,41372.335
C,M,2022,10,202210,India,Export,Lithuania,121190,kg,24,24,464.594
C,M,2022,10,202210,India,Export,Malaysia,121190,kg,64512,64512,355751.588
C,M,2022,10,202210,India,Export,Maldives,121190,kg,455,455,1908.244
C,M,2022,10,202210,India,Export,Mauritius,121190,kg,966,966,7775.803
C,M,2022,10,202210,India,Export,Mexico,121190,kg,309794,309794,1401966.119
C,M,2022,10,202210,India,Export,"Other Asia, nes",121190,kg,20440,20440,69611.167
C,M,2022,10,202210,India,Export,Mongolia,121190,kg,58,58,1330.517
C,M,2022,10,202210,India,Export,Morocco,121190,kg,22000,22000,23556.324
C,M,2022,10,202210,India,Export,Mozambique,121190,kg,105,105,293.843
C,M,2022,10,202210,India,Export,Oman,121190,kg,735,735,5034.551
C,M,2022,10,202210,India,Export,Nepal,121190,kg,3706,3706,17308.763
C,M,2022,10,202210,India,Export,Netherlands,121190,kg,132276,132276,703235.962
C,M,2022,10,202210,India,Export,Curaçao,121190,kg,6,6,79.248
C,M,2022,10,202210,India,Export,New Zealand,121190,kg,25839,25839,101332.199
C,M,2022,10,202210,India,Export,Niger,121190,kg,480,480,2072.557
C,M,2022,10,202210,India,Export,Nigeria,121190,kg,485,485,4700.749
C,M,2022,10,202210,India,Export,Pakistan,121190,kg,36220,36220,159611.713
C,M,2022,10,202210,India,Export,Panama,121190,kg,8640,8640,68804.768
C,M,2022,10,202210,India,Export,Philippines,121190,kg,111804,111804,185005.911
C,M,2022,10,202210,India,Export,Poland,121190,kg,422,422,3154.059
C,M,2022,10,202210,India,Export,Qatar,121190,kg,7206,7206,66133.351
C,M,2022,10,202210,India,Export,Romania,121190,kg,18000,18000,37844.991
C,M,2022,10,202210,India,Export,Russian Federation,121190,kg,99798,99798,454495.893
C,M,2022,10,202210,India,Export,Saudi Arabia,121190,kg,34202,34202,98856.916
C,M,2022,10,202210,India,Export,Senegal,121190,kg,115,115,876.186
C,M,2022,10,202210,India,Export,Sierra Leone,121190,kg,42,42,23.89
C,M,2022,10,202210,India,Export,Singapore,121190,kg,6306,6306,73679.098
C,M,2022,10,202210,India,Export,Viet Nam,121190,kg,3100,3100,30846.717
C,M,2022,10,202210,India,Export,Slovenia,121190,kg,680,680,6117.813
C,M,2022,10,202210,India,Export,Somalia,121190,kg,6250,6250,9200.956
C,M,2022,10,202210,India,Export,South Africa,121190,kg,12587,12587,25674.269
C,M,2022,10,202210,India,Export,Spain,121190,kg,122831,122831,604892.78
C,M,2022,10,202210,India,Export,Sweden,121190,kg,42240,42240,268935.015
C,M,2022,10,202210,India,Export,Thailand,121190,kg,65633,65633,306756.723
C,M,2022,10,202210,India,Export,Trinidad and Tobago,121190,kg,750,750,3010.878
C,M,2022,10,202210,India,Export,United Arab Emirates,121190,kg,316106,316106,1461000.463
C,M,2022,10,202210,India,Export,Tunisia,121190,kg,44000,44000,27943.871
C,M,2022,10,202210,India,Export,Türkiye,121190,kg,23000,23000,74681.995
C,M,2022,10,202210,India,Export,Uganda,121190,kg,33,33,200.664
C,M,2022,10,202210,India,Export,North Macedonia,121190,kg,2000,2000,14146.348
C,M,2022,10,202210,India,Export,United Kingdom,121190,kg,96625,96625,793024.622
C,M,2022,10,202210,India,Export,United Rep. of Tanzania,121190,kg,250,250,1153.754
C,M,2022,10,202210,India,Export,USA,121190,kg,1860699,1860699,12400923.46
C,M,2022,10,202210,India,Export,Uzbekistan,121190,kg,13000,13000,12218.623
C,M,2022,11,202211,India,Export,World,121190,kg,6826035.333,6826035.333,30113101.44
C,M,2022,11,202211,India,Export,Afghanistan,121190,kg,52000,52000,418812.804
C,M,2022,11,202211,India,Export,Algeria,121190,kg,69974,69974,101716.959
C,M,2022,11,202211,India,Export,Angola,121190,kg,62,62,305.398
C,M,2022,11,202211,India,Export,Argentina,121190,kg,12975,12975,58099.493
C,M,2022,11,202211,India,Export,Australia,121190,kg,107072,107072,830394.224
C,M,2022,11,202211,India,Export,Austria,121190,kg,149,149,2046.762
C,M,2022,11,202211,India,Export,Bahrain,121190,kg,19550,19550,35219.364
C,M,2022,11,202211,India,Export,Bangladesh,121190,kg,733057,733057,607811.879
C,M,2022,11,202211,India,Export,Belgium,121190,kg,161353,161353,243885.296
C,M,2022,11,202211,India,Export,Brazil,121190,kg,108052,108052,225698.23
C,M,2022,11,202211,India,Export,Brunei Darussalam,121190,kg,38,38,178.521
C,M,2022,11,202211,India,Export,Canada,121190,kg,98199,98199,446688.523
C,M,2022,11,202211,India,Export,Sri Lanka,121190,kg,19876,19876,647348.995
C,M,2022,11,202211,India,Export,China,121190,kg,936961,936961,1078881.319
C,M,2022,11,202211,India,Export,Colombia,121190,kg,22750,22750,20527.591
C,M,2022,11,202211,India,Export,Dem. Rep. of the Congo,121190,kg,10,10,132.143
C,M,2022,11,202211,India,Export,Cyprus,121190,kg,3000,3000,3186.388
C,M,2022,11,202211,India,Export,Czechia,121190,kg,500,500,4715.636
C,M,2022,11,202211,India,Export,Denmark,121190,kg,20000,20000,140266.439
C,M,2022,11,202211,India,Export,Dominican Rep.,121190,kg,9.413,9.413,41.526
C,M,2022,11,202211,India,Export,Ecuador,121190,kg,7000,7000,5809.409
C,M,2022,11,202211,India,Export,Estonia,121190,kg,20,20,49.519
C,M,2022,11,202211,India,Export,Fiji,121190,kg,100,100,3282.076
C,M,2022,11,202211,India,Export,France,121190,kg,114637,114637,803809.667
C,M,2022,11,202211,India,Export,Georgia,121190,kg,15000,15000,12647.589
C,M,2022,11,202211,India,Export,Germany,121190,kg,531005,531005,3318505.163
C,M,2022,11,202211,India,Export,Ghana,121190,kg,278,278,9330.94
C,M,2022,11,202211,India,Export,Greece,121190,kg,4025,4025,6876.382
C,M,2022,11,202211,India,Export,Grenada,121190,kg,13.92,13.92,61.409
C,M,2022,11,202211,India,Export,Guatemala,121190,kg,2000,2000,16471.584
C,M,2022,11,202211,India,Export,"China, Hong Kong SAR",121190,kg,4207,4207,13825.038
C,M,2022,11,202211,India,Export,Hungary,121190,kg,148,148,1778.357
C,M,2022,11,202211,India,Export,Indonesia,121190,kg,56751,56751,253219.926
C,M,2022,11,202211,India,Export,Iran,121190,kg,25000,25000,62286.556
C,M,2022,11,202211,India,Export,Iraq,121190,kg,37531,37531,44807.966
C,M,2022,11,202211,India,Export,Ireland,121190,kg,67000,67000,529638.394
C,M,2022,11,202211,India,Export,Israel,121190,kg,26353,26353,91102.849
C,M,2022,11,202211,India,Export,Italy,121190,kg,180280,180280,1417713.965
C,M,2022,11,202211,India,Export,Japan,121190,kg,124757,124757,554135.481
C,M,2022,11,202211,India,Export,Kazakhstan,121190,kg,880,880,610.343
C,M,2022,11,202211,India,Export,Jordan,121190,kg,6070,6070,9718.351
C,M,2022,11,202211,India,Export,Kenya,121190,kg,20,20,17.977
C,M,2022,11,202211,India,Export,Rep. of Korea,121190,kg,104940,104940,741502.458
C,M,2022,11,202211,India,Export,Kuwait,121190,kg,10313,10313,137192.397
C,M,2022,11,202211,India,Export,Kyrgyzstan,121190,kg,68,68,870.658
C,M,2022,11,202211,India,Export,Lebanon,121190,kg,2488,2488,4491.091
C,M,2022,11,202211,India,Export,Madagascar,121190,kg,40,40,214.108
C,M,2022,11,202211,India,Export,Malaysia,121190,kg,119669,119669,275497.106
C,M,2022,11,202211,India,Export,Maldives,121190,kg,100,100,223.665
C,M,2022,11,202211,India,Export,Mauritius,121190,kg,4455,4455,12307.655
C,M,2022,11,202211,India,Export,Mexico,121190,kg,218550,218550,979603.189
C,M,2022,11,202211,India,Export,"Other Asia, nes",121190,kg,117575,117575,167881.942
C,M,2022,11,202211,India,Export,Mongolia,121190,kg,12,12,306.021
C,M,2022,11,202211,India,Export,Rep. of Moldova,121190,kg,200,200,2497.025
C,M,2022,11,202211,India,Export,Morocco,121190,kg,106435,106435,180093.199
C,M,2022,11,202211,India,Export,Mozambique,121190,kg,25,25,135.614
C,M,2022,11,202211,India,Export,Oman,121190,kg,700,700,4187.625
C,M,2022,11,202211,India,Export,Nepal,121190,kg,5694,5694,59391.573
C,M,2022,11,202211,India,Export,Netherlands,121190,kg,103664,103664,400322.48
C,M,2022,11,202211,India,Export,New Caledonia,121190,kg,9,9,182.762
C,M,2022,11,202211,India,Export,New Zealand,121190,kg,3425,3425,31920.593
C,M,2022,11,202211,India,Export,Nigeria,121190,kg,500,500,2292.412
C,M,2022,11,202211,India,Export,Pakistan,121190,kg,40282,40282,330242.799
C,M,2022,11,202211,India,Export,Philippines,121190,kg,69000,69000,278650.999
C,M,2022,11,202211,India,Export,Poland,121190,kg,64520,64520,177327.855
C,M,2022,11,202211,India,Export,Qatar,121190,kg,1094,1094,8195.702
C,M,2022,11,202211,India,Export,Romania,121190,kg,450,450,2773.362
C,M,2022,11,202211,India,Export,Russian Federation,121190,kg,78151,78151,559214.063
C,M,2022,11,202211,India,Export,Saudi Arabia,121190,kg,177958,177958,900061.587
C,M,2022,11,202211,India,Export,Serbia,121190,kg,100,100,1076.102
C,M,2022,11,202211,India,Export,Seychelles,121190,kg,4,4,81.207
C,M,2022,11,202211,India,Export,Singapore,121190,kg,1915,1915,34481.643
C,M,2022,11,202211,India,Export,Slovakia,121190,kg,1200,1200,5698.897
C,M,2022,11,202211,India,Export,Viet Nam,121190,kg,50,50,612.775
C,M,2022,11,202211,India,Export,Somalia,121190,kg,1000,1000,2758.171
C,M,2022,11,202211,India,Export,South Africa,121190,kg,36038,36038,100139.329
C,M,2022,11,202211,India,Export,Spain,121190,kg,63460,63460,238935.106
C,M,2022,11,202211,India,Export,Suriname,121190,kg,28,28,201.68
C,M,2022,11,202211,India,Export,Sweden,121190,kg,15631,15631,97364.293
C,M,2022,11,202211,India,Export,Switzerland,121190,kg,3107,3107,3166.101
C,M,2022,11,202211,India,Export,Thailand,121190,kg,63459,63459,242047.533
C,M,2022,11,202211,India,Export,United Arab Emirates,121190,kg,205270,205270,495438.294
C,M,2022,11,202211,India,Export,Türkiye,121190,kg,428,428,5244.503
C,M,2022,11,202211,India,Export,Uganda,121190,kg,11,11,123.564
C,M,2022,11,202211,India,Export,Egypt,121190,kg,26530,26530,24346.6
C,M,2022,11,202211,India,Export,United Kingdom,121190,kg,161617,161617,1367507.99
C,M,2022,11,202211,India,Export,United Rep. of Tanzania,121190,kg,80,80,1155.916
C,M,2022,11,202211,India,Export,USA,121190,kg,1422627,1422627,10179412.03
C,M,2022,11,202211,India,Export,Uzbekistan,121190,kg,10500,10500,12340.59
C,M,2022,11,202211,India,Export,Venezuela,121190,kg,5000,5000,13639.783
C,M,2022,11,202211,India,Export,Yemen,121190,kg,9000,9000,8092.962
C,M,2022,12,202212,India,Export,World,121190,kg,8541151,8541151,37432319.85
C,M,2022,12,202212,India,Export,Afghanistan,121190,kg,20000,20000,197898.036
C,M,2022,12,202212,India,Export,Algeria,121190,kg,93015,93015,114933.81
C,M,2022,12,202212,India,Export,Australia,121190,kg,91246,91246,565127.371
C,M,2022,12,202212,India,Export,Austria,121190,kg,24005,24005,185669.498
C,M,2022,12,202212,India,Export,Bahrain,121190,kg,3139,3139,10595.697
C,M,2022,12,202212,India,Export,Bangladesh,121190,kg,639300,639300,743124.354
C,M,2022,12,202212,India,Export,Barbados,121190,kg,58,58,1206.948
C,M,2022,12,202212,India,Export,Belgium,121190,kg,179260,179260,662397.11
C,M,2022,12,202212,India,Export,Brazil,121190,kg,156850,156850,611163.574
C,M,2022,12,202212,India,Export,Myanmar,121190,kg,115000,115000,167710.741
C,M,2022,12,202212,India,Export,Canada,121190,kg,67385,67385,480684.794
C,M,2022,12,202212,India,Export,Sri Lanka,121190,kg,69818,69818,522891.01
C,M,2022,12,202212,India,Export,Chile,121190,kg,5329,5329,50161.871
C,M,2022,12,202212,India,Export,China,121190,kg,1020807,1020807,1708926.204
C,M,2022,12,202212,India,Export,Colombia,121190,kg,39025,39025,156442.886
C,M,2022,12,202212,India,Export,Costa Rica,121190,kg,22000,22000,144671.588
C,M,2022,12,202212,India,Export,Croatia,121190,kg,505,505,4716.081
C,M,2022,12,202212,India,Export,Cyprus,121190,kg,20,20,110.86
C,M,2022,12,202212,India,Export,Czechia,121190,kg,23120,23120,189039.517
C,M,2022,12,202212,India,Export,Denmark,121190,kg,22190,22190,121599.548
C,M,2022,12,202212,India,Export,Ecuador,121190,kg,25000,25000,17524.702
C,M,2022,12,202212,India,Export,El Salvador,121190,kg,9000,9000,52128.057
C,M,2022,12,202212,India,Export,Fiji,121190,kg,300,300,1928.036
C,M,2022,12,202212,India,Export,Finland,121190,kg,15000,15000,130867.312
C,M,2022,12,202212,India,Export,France,121190,kg,112372,112372,587272.282
C,M,2022,12,202212,India,Export,Georgia,121190,kg,150,150,1655.384
C,M,2022,12,202212,India,Export,Gambia,121190,kg,330,330,263.654
C,M,2022,12,202212,India,Export,Germany,121190,kg,726927,726927,4831280.428
C,M,2022,12,202212,India,Export,Greece,121190,kg,12000,12000,6897.985
C,M,2022,12,202212,India,Export,Guatemala,121190,kg,40000,40000,173431.707
C,M,2022,12,202212,India,Export,"China, Hong Kong SAR",121190,kg,3055,3055,7964.217
C,M,2022,12,202212,India,Export,Hungary,121190,kg,1030,1030,4355.052
C,M,2022,12,202212,India,Export,Indonesia,121190,kg,97800,97800,105029.952
C,M,2022,12,202212,India,Export,Iran,121190,kg,84400,84400,75918.529
C,M,2022,12,202212,India,Export,Iraq,121190,kg,11750,11750,24545.006
C,M,2022,12,202212,India,Export,Ireland,121190,kg,16038,16038,128973.752
C,M,2022,12,202212,India,Export,Israel,121190,kg,3052,3052,23375.893
C,M,2022,12,202212,India,Export,Italy,121190,kg,265436,265436,2204618.063
C,M,2022,12,202212,India,Export,Japan,121190,kg,180295,180295,584792.322
C,M,2022,12,202212,India,Export,Jordan,121190,kg,36060,36060,97623.383
C,M,2022,12,202212,India,Export,Kenya,121190,kg,3262,3262,10706.63
C,M,2022,12,202212,India,Export,Rep. of Korea,121190,kg,217905,217905,1545841.505
C,M,2022,12,202212,India,Export,Kuwait,121190,kg,15093,15093,137266.559
C,M,2022,12,202212,India,Export,Malaysia,121190,kg,72910,72910,282587.472
C,M,2022,12,202212,India,Export,Maldives,121190,kg,734,734,2250.261
C,M,2022,12,202212,India,Export,Mauritius,121190,kg,4415,4415,21842.477
C,M,2022,12,202212,India,Export,Mexico,121190,kg,181000,181000,527019.964
C,M,2022,12,202212,India,Export,"Other Asia, nes",121190,kg,43271,43271,162621.116
C,M,2022,12,202212,India,Export,Morocco,121190,kg,78775,78775,89270.088
C,M,2022,12,202212,India,Export,Mozambique,121190,kg,86,86,288.101
C,M,2022,12,202212,India,Export,Oman,121190,kg,581,581,4224.086
C,M,2022,12,202212,India,Export,Nepal,121190,kg,45386,45386,53120.378
C,M,2022,12,202212,India,Export,Netherlands,121190,kg,93863,93863,457315.292
C,M,2022,12,202212,India,Export,New Zealand,121190,kg,7018,7018,41486.352
C,M,2022,12,202212,India,Export,Nigeria,121190,kg,730,730,1816.982
C,M,2022,12,202212,India,Export,Pakistan,121190,kg,59500,59500,473507.379
C,M,2022,12,202212,India,Export,Paraguay,121190,kg,26000,26000,24630
C,M,2022,12,202212,India,Export,Peru,121190,kg,2000,2000,20692.305
C,M,2022,12,202212,India,Export,Philippines,121190,kg,55651,55651,110996.636
C,M,2022,12,202212,India,Export,Poland,121190,kg,60540,60540,60951.907
C,M,2022,12,202212,India,Export,Qatar,121190,kg,15110,15110,62056.531
C,M,2022,12,202212,India,Export,Romania,121190,kg,9500,9500,75387.839
C,M,2022,12,202212,India,Export,Russian Federation,121190,kg,150780,150780,845583.034
C,M,2022,12,202212,India,Export,Saudi Arabia,121190,kg,125272,125272,167567.479
C,M,2022,12,202212,India,Export,Singapore,121190,kg,15359,15359,100235.594
C,M,2022,12,202212,India,Export,Viet Nam,121190,kg,56000,56000,82266.979
C,M,2022,12,202212,India,Export,Slovenia,121190,kg,5000,5000,10613.935
C,M,2022,12,202212,India,Export,Somalia,121190,kg,1980,1980,3190.814
C,M,2022,12,202212,India,Export,South Africa,121190,kg,10961,10961,67894.662
C,M,2022,12,202212,India,Export,Spain,121190,kg,94420,94420,634054.19
C,M,2022,12,202212,India,Export,Sudan,121190,kg,9001,9001,16852.374
C,M,2022,12,202212,India,Export,Sweden,121190,kg,46900,46900,355707.078
C,M,2022,12,202212,India,Export,Switzerland,121190,kg,250,250,10489.821
C,M,2022,12,202212,India,Export,Thailand,121190,kg,90215,90215,336475.455
C,M,2022,12,202212,India,Export,Trinidad and Tobago,121190,kg,1440,1440,3107.372
C,M,2022,12,202212,India,Export,United Arab Emirates,121190,kg,598426,598426,1155194.95
C,M,2022,12,202212,India,Export,Tunisia,121190,kg,2000,2000,15385.338
C,M,2022,12,202212,India,Export,Türkiye,121190,kg,40000,40000,35332.629
C,M,2022,12,202212,India,Export,Uganda,121190,kg,80,80,105.452
C,M,2022,12,202212,India,Export,United Kingdom,121190,kg,114519,114519,967294.728
C,M,2022,12,202212,India,Export,United Rep. of Tanzania,121190,kg,5311,5311,8927.895
C,M,2022,12,202212,India,Export,USA,121190,kg,1934440,1934440,12726369.56
C,M,2022,12,202212,India,Export,Venezuela,121190,kg,3000,3000,3866.004
C,M,2022,12,202212,India,Export,Yemen,121190,kg,10400,10400,20407.43
